RLCP Linnet Flow Monitoring,Kestrel Ambient Conditions Log,,,,,,
Start date,2023-01-28,,,,,,
End date,2023-02-04,,,,,,
Retrieved by,M Sandifer,,,,,,
Notes,Device setup/configuration is noted in first few rows of data.,Default settings as altimeter mode and 10 min readings not intended.,Will compare with subsequent log to note changes once set to barometer mode and hourly readings.,,,,
Device Name,D3 - 2592884, , , , , ,
Device Model,Kestrel DROP 3, , , , , ,
Serial Number,2592884, , , , , ,
FORMATTED DATE_TIME,Temperature,Relative Humidity,Station Pressure,Heat Index,Dew Point,Density Altitude, 
yyyy-MM-dd hh:mm:ss a,°C,%,mb,°C,°C,m,Data Type
2000-01-01 12:10:00 AM,23.1,31.0,1009.6,21.6,5.1,359,point
2000-01-01 12:20:00 AM,23.1,30.8,1009.8,21.5,4.9,355,point
2000-01-01 12:30:00 AM,23.0,30.6,1009.8,21.5,4.8,355,point
2000-01-01 12:40:00 AM,23.0,30.4,1009.8,21.4,4.7,352,point
2000-01-01 12:50:00 AM,23.0,30.1,1009.7,21.5,4.6,355,point
2000-01-01 01:00:00 AM,23.1,30.2,1009.9,21.6,4.7,355,point
2000-01-01 01:10:00 AM,23.2,30.2,1010.0,21.6,4.7,356,point
2000-01-01 01:20:00 AM,23.5,29.7,1010.0,21.7,4.8,367,point
2021-01-27 03:40:00 PM,24.0,30.3,1010.0,22.3,5.5,387,point
2021-01-27 03:50:00 PM,23.3,29.1,1010.1,21.5,4.3,358,point
2023-01-28 03:30:00 PM,5.9,56.1,1025.4,5.3,-2.2,-441,point
2023-01-28 03:40:00 PM,5.3,71.8,1025.1,5.1,0.7,-453,point
2023-01-28 03:50:00 PM,5.3,73.8,1025.0,5.1,1.0,-452,point
2023-01-28 04:00:00 PM,5.4,72.1,1025.2,5.1,0.8,-453,point
2023-01-28 04:10:00 PM,5.4,71.8,1025.1,5.2,0.7,-451,point
2023-01-28 04:20:00 PM,5.4,72.5,1025.1,5.2,0.9,-450,point
2023-01-28 04:30:00 PM,5.3,72.8,1025.3,5.1,0.8,-455,point
2023-01-28 04:40:00 PM,5.1,74.5,1025.4,4.9,0.9,-465,point
2023-01-28 04:50:00 PM,4.9,76.2,1025.4,4.6,1.1,-473,point
2023-01-28 05:00:00 PM,5.0,76.6,1025.4,4.7,1.2,-469,point
2023-01-28 05:10:00 PM,4.6,79.0,1025.5,4.4,1.3,-485,point
2023-01-28 05:20:00 PM,4.5,80.5,1025.7,4.3,1.4,-490,point
2023-01-28 05:30:00 PM,4.5,80.8,1025.4,4.3,1.5,-488,point
2023-01-28 05:40:00 PM,4.5,80.8,1025.6,4.3,1.5,-489,point
2023-01-28 05:50:00 PM,4.6,82.1,1025.7,4.5,1.9,-484,point
2023-01-28 06:00:00 PM,4.2,83.2,1025.5,4.2,1.6,-499,point
2023-01-28 06:10:00 PM,4.4,83.6,1025.5,4.4,1.9,-490,point
2023-01-28 06:20:00 PM,4.6,84.3,1025.5,4.6,2.2,-481,point
2023-01-28 06:30:00 PM,4.2,84.6,1025.5,4.1,1.8,-499,point
2023-01-28 06:40:00 PM,3.8,86.4,1025.5,3.8,1.8,-513,point
2023-01-28 06:50:00 PM,3.8,87.6,1025.4,3.8,1.9,-512,point
2023-01-28 07:00:00 PM,3.8,87.8,1025.4,3.8,2.0,-511,point
2023-01-28 07:10:00 PM,4.0,88.2,1025.3,4.0,2.2,-503,point
2023-01-28 07:20:00 PM,3.8,87.9,1025.3,3.8,2.0,-511,point
2023-01-28 07:30:00 PM,4.1,88.1,1025.4,4.0,2.3,-502,point
2023-01-28 07:40:00 PM,3.8,88.0,1025.6,3.8,2.0,-515,point
2023-01-28 07:50:00 PM,3.6,89.3,1025.5,3.5,2.0,-522,point
2023-01-28 08:00:00 PM,3.5,90.2,1025.6,3.5,2.1,-523,point
2023-01-28 08:10:00 PM,3.6,90.0,1025.7,3.6,2.1,-522,point
2023-01-28 08:20:00 PM,3.5,90.5,1025.6,3.5,2.1,-525,point
2023-01-28 08:30:00 PM,3.3,91.0,1025.8,3.3,2.0,-535,point
2023-01-28 08:40:00 PM,3.6,90.7,1025.5,3.6,2.2,-519,point
2023-01-28 08:50:00 PM,3.6,90.8,1025.5,3.5,2.2,-522,point
2023-01-28 09:00:00 PM,3.6,90.9,1025.4,3.6,2.2,-519,point
2023-01-28 09:10:00 PM,3.6,91.2,1025.5,3.6,2.3,-520,point
2023-01-28 09:20:00 PM,3.7,90.9,1025.5,3.6,2.3,-517,point
2023-01-28 09:30:00 PM,3.6,91.3,1025.6,3.6,2.3,-522,point
2023-01-28 09:40:00 PM,3.6,91.2,1025.5,3.5,2.3,-522,point
2023-01-28 09:50:00 PM,3.4,91.8,1025.6,3.4,2.2,-528,point
2023-01-28 10:00:00 PM,3.6,91.8,1025.4,3.6,2.4,-519,point
2023-01-28 10:10:00 PM,3.5,91.8,1025.3,3.5,2.3,-519,point
2023-01-28 10:20:00 PM,3.4,91.8,1025.3,3.3,2.2,-526,point
2023-01-28 10:30:00 PM,3.4,92.2,1025.2,3.3,2.2,-526,point
2023-01-28 10:40:00 PM,3.6,92.4,1025.1,3.6,2.5,-514,point
2023-01-28 10:50:00 PM,3.6,92.1,1025.0,3.6,2.5,-513,point
2023-01-28 11:00:00 PM,3.8,91.0,1025.0,3.8,2.5,-505,point
2023-01-28 11:10:00 PM,3.5,91.3,1025.0,3.5,2.3,-517,point
2023-01-28 11:20:00 PM,3.8,91.0,1024.8,3.7,2.5,-506,point
2023-01-28 11:30:00 PM,3.6,90.6,1024.7,3.5,2.2,-513,point
2023-01-28 11:40:00 PM,3.8,90.7,1024.8,3.8,2.4,-504,point
2023-01-28 11:50:00 PM,3.8,91.0,1024.7,3.8,2.5,-503,point
2023-01-29 12:00:00 AM,3.8,91.2,1024.9,3.7,2.5,-507,point
2023-01-29 12:10:00 AM,3.7,91.4,1024.6,3.7,2.4,-507,point
2023-01-29 12:20:00 AM,3.6,91.6,1024.6,3.6,2.4,-509,point
2023-01-29 12:30:00 AM,3.6,91.5,1024.4,3.6,2.4,-507,point
2023-01-29 12:40:00 AM,3.9,91.2,1024.3,3.8,2.6,-497,point
2023-01-29 12:50:00 AM,4.3,90.6,1024.2,4.2,2.9,-480,point
2023-01-29 01:00:00 AM,4.1,89.9,1024.2,4.1,2.6,-486,point
2023-01-29 01:10:00 AM,4.2,90.2,1024.1,4.1,2.7,-484,point
2023-01-29 01:20:00 AM,4.3,89.6,1024.0,4.2,2.7,-479,point
2023-01-29 01:30:00 AM,4.2,89.4,1023.8,4.1,2.6,-481,point
2023-01-29 01:40:00 AM,4.2,89.4,1024.0,4.1,2.6,-483,point
2023-01-29 01:50:00 AM,4.3,89.4,1024.1,4.3,2.7,-478,point
2023-01-29 02:00:00 AM,4.2,89.7,1024.0,4.1,2.6,-483,point
2023-01-29 02:10:00 AM,4.2,89.9,1023.9,4.1,2.6,-482,point
2023-01-29 02:20:00 AM,4.4,90.1,1023.8,4.4,2.9,-470,point
2023-01-29 02:30:00 AM,4.2,90.3,1024.1,4.1,2.7,-484,point
2023-01-29 02:40:00 AM,4.2,92.0,1024.0,4.3,3.0,-479,point
2023-01-29 02:50:00 AM,4.1,93.3,1023.9,4.2,3.1,-482,point
2023-01-29 03:00:00 AM,4.2,93.9,1023.9,4.2,3.3,-481,point
2023-01-29 03:10:00 AM,4.2,95.0,1023.6,4.2,3.4,-477,point
2023-01-29 03:20:00 AM,4.2,95.8,1023.4,4.2,3.5,-475,point
2023-01-29 03:30:00 AM,4.1,96.2,1023.5,4.1,3.5,-480,point
2023-01-29 03:40:00 AM,4.2,96.8,1023.2,4.3,3.7,-470,point
2023-01-29 03:50:00 AM,4.1,96.9,1023.3,4.2,3.7,-475,point
2023-01-29 04:00:00 AM,4.2,97.1,1023.3,4.3,3.8,-470,point
2023-01-29 04:10:00 AM,4.3,97.1,1023.1,4.4,3.9,-465,point
2023-01-29 04:20:00 AM,4.3,97.0,1022.9,4.4,3.9,-463,point
2023-01-29 04:30:00 AM,4.3,96.9,1022.9,4.4,3.9,-462,point
2023-01-29 04:40:00 AM,4.4,96.5,1022.9,4.5,3.9,-459,point
2023-01-29 04:50:00 AM,4.5,96.1,1022.8,4.5,3.9,-455,point
2023-01-29 05:00:00 AM,4.6,95.5,1022.7,4.6,3.9,-450,point
2023-01-29 05:10:00 AM,4.4,95.0,1022.6,4.4,3.6,-457,point
2023-01-29 05:20:00 AM,4.4,94.6,1022.1,4.5,3.6,-450,point
2023-01-29 05:30:00 AM,4.5,94.2,1022.2,4.6,3.7,-448,point
2023-01-29 05:40:00 AM,4.2,93.6,1022.2,4.3,3.3,-460,point
2023-01-29 05:50:00 AM,4.4,93.3,1022.0,4.5,3.4,-451,point
2023-01-29 06:00:00 AM,4.4,93.6,1022.3,4.4,3.4,-456,point
2023-01-29 06:10:00 AM,3.9,95.7,1021.9,4.0,3.3,-470,point
2023-01-29 06:20:00 AM,3.9,96.8,1021.9,3.9,3.4,-470,point
2023-01-29 06:30:00 AM,4.0,97.3,1021.7,4.1,3.6,-463,point
2023-01-29 06:40:00 AM,4.1,97.4,1021.7,4.1,3.7,-461,point
2023-01-29 06:50:00 AM,4.1,97.5,1021.8,4.1,3.7,-461,point
2023-01-29 07:00:00 AM,4.2,97.5,1021.8,4.2,3.8,-458,point
2023-01-29 07:10:00 AM,4.1,97.3,1021.8,4.2,3.7,-459,point
2023-01-29 07:20:00 AM,4.1,97.2,1021.8,4.1,3.7,-461,point
2023-01-29 07:30:00 AM,4.2,96.9,1021.6,4.2,3.7,-455,point
2023-01-29 07:40:00 AM,4.3,96.6,1021.6,4.3,3.8,-451,point
2023-01-29 07:50:00 AM,4.1,96.2,1021.5,4.2,3.6,-456,point
2023-01-29 08:00:00 AM,4.3,95.5,1021.4,4.3,3.6,-449,point
2023-01-29 08:10:00 AM,4.2,95.1,1021.2,4.2,3.4,-452,point
2023-01-29 08:20:00 AM,4.3,93.5,1021.3,4.3,3.3,-449,point
2023-01-29 08:30:00 AM,4.4,92.9,1021.3,4.5,3.4,-444,point
2023-01-29 08:40:00 AM,4.4,92.2,1021.2,4.4,3.2,-445,point
2023-01-29 08:50:00 AM,4.5,91.3,1021.1,4.5,3.2,-438,point
2023-01-29 09:00:00 AM,4.7,90.6,1021.0,4.7,3.3,-430,point
2023-01-29 09:10:00 AM,4.6,90.4,1020.9,4.7,3.2,-433,point
2023-01-29 09:20:00 AM,4.9,89.5,1020.9,4.8,3.3,-423,point
2023-01-29 09:30:00 AM,5.0,88.8,1020.8,4.9,3.3,-417,point
2023-01-29 09:40:00 AM,5.1,88.3,1020.7,5.1,3.3,-411,point
2023-01-29 09:50:00 AM,5.5,88.0,1020.7,5.5,3.7,-395,point
2023-01-29 10:00:00 AM,5.7,86.2,1020.6,5.7,3.6,-387,point
2023-01-29 10:10:00 AM,5.9,85.7,1020.7,5.8,3.7,-381,point
2023-01-29 10:20:00 AM,6.0,85.4,1020.8,6.0,3.8,-377,point
2023-01-29 10:30:00 AM,6.3,85.0,1020.7,6.3,4.0,-364,point
2023-01-29 10:40:00 AM,6.3,85.5,1020.6,6.3,4.0,-363,point
2023-01-29 10:50:00 AM,6.2,86.3,1020.5,6.2,4.1,-365,point
2023-01-29 11:00:00 AM,6.5,86.0,1020.3,6.4,4.3,-354,point
2023-01-29 11:10:00 AM,6.2,86.1,1019.9,6.2,4.1,-359,point
2023-01-29 11:20:00 AM,6.6,85.3,1019.7,6.6,4.3,-343,point
2023-01-29 11:30:00 AM,6.9,85.1,1019.8,6.8,4.5,-334,point
2023-01-29 11:40:00 AM,6.6,85.6,1019.5,6.6,4.4,-340,point
2023-01-29 11:50:00 AM,6.8,85.5,1019.4,6.8,4.5,-331,point
2023-01-29 12:00:00 PM,7.0,84.9,1019.4,7.0,4.7,-323,point
2023-01-29 12:10:00 PM,6.9,86.0,1019.3,6.8,4.7,-327,point
2023-01-29 12:20:00 PM,6.8,86.3,1018.9,6.7,4.6,-327,point
2023-01-29 12:30:00 PM,7.0,84.5,1018.7,6.9,4.5,-318,point
2023-01-29 12:40:00 PM,7.1,85.4,1018.5,7.0,4.8,-312,point
2023-01-29 12:50:00 PM,7.4,85.1,1018.3,7.3,5.1,-297,point
2023-01-29 01:00:00 PM,7.9,80.2,1018.1,7.7,4.7,-277,point
2023-01-29 01:10:00 PM,8.1,74.8,1017.6,7.8,3.9,-266,point
2023-01-29 01:20:00 PM,9.0,69.7,1017.8,8.6,3.8,-234,point
2023-01-29 01:30:00 PM,7.7,80.0,1017.6,7.5,4.5,-280,point
2023-01-29 01:40:00 PM,8.5,80.9,1017.4,8.3,5.4,-245,point
2023-01-29 01:50:00 PM,8.2,79.1,1017.2,8.1,4.8,-255,point
2023-01-29 02:00:00 PM,8.1,78.1,1017.3,7.9,4.5,-260,point
2023-01-29 02:10:00 PM,8.6,77.5,1017.2,8.3,4.8,-243,point
2023-01-29 02:20:00 PM,8.3,76.6,1017.1,8.1,4.4,-251,point
2023-01-29 02:30:00 PM,8.4,78.2,1017.0,8.2,4.8,-245,point
2023-01-29 02:40:00 PM,8.3,78.8,1016.5,8.1,4.8,-246,point
2023-01-29 02:50:00 PM,8.5,78.3,1016.7,8.3,4.9,-239,point
2023-01-29 03:00:00 PM,8.5,77.4,1016.5,8.3,4.8,-236,point
2023-01-29 03:10:00 PM,8.6,77.1,1016.6,8.4,4.8,-234,point
2023-01-29 03:20:00 PM,8.3,78.5,1016.4,8.1,4.8,-242,point
2023-01-29 03:30:00 PM,8.3,79.0,1016.5,8.2,4.9,-243,point
2023-01-29 03:40:00 PM,8.1,80.0,1016.2,7.9,4.8,-250,point
2023-01-29 03:50:00 PM,8.0,81.2,1016.5,7.9,5.0,-254,point
2023-01-29 04:00:00 PM,8.1,81.9,1016.3,7.9,5.2,-251,point
2023-01-29 04:10:00 PM,7.7,82.9,1016.4,7.6,5.0,-266,point
2023-01-29 04:20:00 PM,7.7,84.4,1016.2,7.7,5.2,-263,point
2023-01-29 04:30:00 PM,7.0,85.7,1015.8,7.0,4.8,-284,point
2023-01-29 04:40:00 PM,7.0,86.5,1015.8,7.0,4.9,-286,point
2023-01-29 04:50:00 PM,7.1,86.8,1015.7,7.1,5.1,-280,point
2023-01-29 05:00:00 PM,7.0,87.9,1015.6,7.0,5.1,-283,point
2023-01-29 05:10:00 PM,6.5,88.1,1015.6,6.5,4.7,-302,point
2023-01-29 05:20:00 PM,6.4,89.9,1015.6,6.5,4.9,-306,point
2023-01-29 05:30:00 PM,6.4,90.4,1014.9,6.5,5.0,-299,point
2023-01-29 05:40:00 PM,6.3,90.3,1014.9,6.4,4.9,-302,point
2023-01-29 05:50:00 PM,6.2,90.4,1015.2,6.2,4.7,-311,point
2023-01-29 06:00:00 PM,6.0,91.1,1015.2,6.1,4.7,-317,point
2023-01-29 06:10:00 PM,6.1,91.2,1015.5,6.1,4.8,-317,point
2023-01-29 06:20:00 PM,6.1,91.4,1015.4,6.2,4.8,-315,point
2023-01-29 06:30:00 PM,6.1,92.1,1015.8,6.1,4.9,-320,point
2023-01-29 06:40:00 PM,5.5,91.5,1015.6,5.6,4.2,-341,point
2023-01-29 06:50:00 PM,5.9,92.6,1015.7,5.9,4.8,-327,point
2023-01-29 07:00:00 PM,6.1,94.2,1015.7,6.3,5.3,-317,point
2023-01-29 07:10:00 PM,6.6,93.5,1015.6,6.6,5.6,-298,point
2023-01-29 07:20:00 PM,6.8,93.3,1015.5,6.9,5.8,-287,point
2023-01-29 07:30:00 PM,7.0,92.3,1015.4,7.1,5.9,-279,point
2023-01-29 07:40:00 PM,6.7,92.2,1015.3,6.7,5.5,-291,point
2023-01-29 07:50:00 PM,6.7,91.5,1015.4,6.7,5.4,-292,point
2023-01-29 08:00:00 PM,6.3,89.7,1014.9,6.3,4.7,-304,point
2023-01-29 08:10:00 PM,6.2,90.0,1014.7,6.3,4.7,-303,point
2023-01-29 08:20:00 PM,6.0,89.5,1014.9,6.0,4.4,-315,point
2023-01-29 08:30:00 PM,6.0,90.2,1014.4,6.1,4.5,-308,point
2023-01-29 08:40:00 PM,5.6,90.9,1014.9,5.7,4.2,-330,point
2023-01-29 08:50:00 PM,6.2,91.4,1014.9,6.2,4.9,-307,point
2023-01-29 09:00:00 PM,6.0,91.2,1014.9,6.0,4.6,-316,point
2023-01-29 09:10:00 PM,6.2,90.2,1015.0,6.3,4.8,-307,point
2023-01-29 09:20:00 PM,6.2,89.4,1015.1,6.2,4.6,-310,point
2023-01-29 09:30:00 PM,5.9,88.7,1015.0,5.8,4.2,-321,point
2023-01-29 09:40:00 PM,5.5,88.5,1015.1,5.5,3.8,-336,point
2023-01-29 09:50:00 PM,5.8,88.6,1014.6,5.8,4.1,-319,point
2023-01-29 10:00:00 PM,5.8,88.0,1014.6,5.7,3.9,-322,point
2023-01-29 10:10:00 PM,5.5,88.1,1014.2,5.5,3.7,-327,point
2023-01-29 10:20:00 PM,5.3,88.5,1014.3,5.3,3.6,-336,point
2023-01-29 10:30:00 PM,5.5,88.5,1014.1,5.5,3.8,-327,point
2023-01-29 10:40:00 PM,5.6,89.1,1014.4,5.5,3.9,-328,point
2023-01-29 10:50:00 PM,5.7,87.9,1014.1,5.6,3.8,-322,point
2023-01-29 11:00:00 PM,5.7,88.6,1014.4,5.7,4.0,-322,point
2023-01-29 11:10:00 PM,6.1,88.2,1014.3,6.0,4.2,-307,point
2023-01-29 11:20:00 PM,6.2,87.3,1014.2,6.2,4.3,-300,point
2023-01-29 11:30:00 PM,6.5,86.6,1014.1,6.4,4.4,-290,point
2023-01-29 11:40:00 PM,6.5,86.8,1014.2,6.4,4.5,-290,point
2023-01-29 11:50:00 PM,6.5,87.1,1013.8,6.5,4.5,-285,point
2023-01-30 12:00:00 AM,6.5,87.3,1013.8,6.4,4.5,-285,point
2023-01-30 12:10:00 AM,6.2,87.7,1013.7,6.2,4.4,-294,point
2023-01-30 12:20:00 AM,6.3,88.4,1013.5,6.3,4.5,-291,point
2023-01-30 12:30:00 AM,6.2,88.4,1013.6,6.3,4.4,-294,point
2023-01-30 12:40:00 AM,6.3,89.0,1013.7,6.4,4.6,-290,point
2023-01-30 12:50:00 AM,6.2,89.0,1013.5,6.2,4.5,-295,point
2023-01-30 01:00:00 AM,5.9,88.8,1013.3,5.8,4.2,-304,point
2023-01-30 01:10:00 AM,6.1,89.3,1013.4,6.2,4.5,-295,point
2023-01-30 01:20:00 AM,6.4,91.6,1013.3,6.4,5.1,-283,point
2023-01-30 01:30:00 AM,6.2,92.9,1013.5,6.3,5.2,-290,point
2023-01-30 01:40:00 AM,6.6,91.8,1013.4,6.6,5.3,-275,point
2023-01-30 01:50:00 AM,6.7,90.2,1013.5,6.8,5.2,-271,point
2023-01-30 02:00:00 AM,6.7,90.2,1013.6,6.8,5.2,-273,point
2023-01-30 02:10:00 AM,6.7,89.2,1013.8,6.7,5.0,-277,point
2023-01-30 02:20:00 AM,7.2,88.9,1013.7,7.2,5.4,-257,point
2023-01-30 02:30:00 AM,7.2,88.5,1013.7,7.3,5.5,-254,point
2023-01-30 02:40:00 AM,7.2,87.7,1013.9,7.1,5.3,-260,point
2023-01-30 02:50:00 AM,6.9,88.3,1014.0,7.0,5.1,-270,point
2023-01-30 03:00:00 AM,7.1,89.2,1014.1,7.1,5.4,-265,point
2023-01-30 03:10:00 AM,6.9,89.0,1013.7,6.9,5.2,-269,point
2023-01-30 03:20:00 AM,6.7,89.8,1014.2,6.8,5.2,-279,point
2023-01-30 03:30:00 AM,6.7,88.8,1014.1,6.8,5.0,-277,point
2023-01-30 03:40:00 AM,6.7,86.3,1014.4,6.6,4.5,-285,point
2023-01-30 03:50:00 AM,6.8,84.9,1014.4,6.7,4.4,-281,point
2023-01-30 04:00:00 AM,6.5,81.4,1014.3,6.4,3.5,-292,point
2023-01-30 04:10:00 AM,6.2,79.0,1014.4,6.0,2.8,-307,point
2023-01-30 04:20:00 AM,5.9,74.8,1014.3,5.6,1.8,-320,point
2023-01-30 04:30:00 AM,6.1,71.5,1014.4,5.9,1.4,-313,point
2023-01-30 04:40:00 AM,6.2,70.6,1014.1,5.9,1.3,-305,point
2023-01-30 04:50:00 AM,6.5,69.0,1014.9,6.1,1.2,-304,point
2023-01-30 05:00:00 AM,6.2,69.1,1014.5,5.9,1.0,-310,point
2023-01-30 05:10:00 AM,6.1,69.5,1014.6,5.7,0.9,-317,point
2023-01-30 05:20:00 AM,6.0,69.7,1014.6,5.7,0.9,-318,point
2023-01-30 05:30:00 AM,5.9,70.3,1014.7,5.5,0.9,-324,point
2023-01-30 05:40:00 AM,6.0,70.8,1014.7,5.6,1.1,-322,point
2023-01-30 05:50:00 AM,6.0,71.5,1015.1,5.7,1.2,-324,point
2023-01-30 06:00:00 AM,5.6,73.0,1014.8,5.4,1.2,-336,point
2023-01-30 06:10:00 AM,5.5,73.2,1015.0,5.3,1.1,-341,point
2023-01-30 06:20:00 AM,5.3,73.5,1014.9,5.0,0.9,-350,point
2023-01-30 06:30:00 AM,5.2,73.8,1014.8,5.0,0.9,-350,point
2023-01-30 06:40:00 AM,5.2,73.9,1015.2,4.9,0.9,-357,point
2023-01-30 06:50:00 AM,5.5,73.5,1015.4,5.3,1.2,-345,point
2023-01-30 07:00:00 AM,5.2,73.8,1015.7,5.0,0.9,-359,point
2023-01-30 07:10:00 AM,5.3,74.5,1015.6,5.0,1.1,-357,point
2023-01-30 07:20:00 AM,5.0,74.5,1015.6,4.8,0.9,-367,point
2023-01-30 07:30:00 AM,5.3,74.7,1015.7,5.0,1.1,-357,point
2023-01-30 07:40:00 AM,5.2,74.9,1015.6,5.0,1.2,-357,point
2023-01-30 07:50:00 AM,4.9,75.5,1015.9,4.7,1.0,-373,point
2023-01-30 08:00:00 AM,5.0,75.8,1016.2,4.8,1.1,-372,point
2023-01-30 08:10:00 AM,4.9,76.0,1016.1,4.7,1.0,-376,point
2023-01-30 08:20:00 AM,5.3,75.7,1016.4,5.0,1.4,-364,point
2023-01-30 08:30:00 AM,5.2,75.6,1016.5,5.0,1.2,-368,point
2023-01-30 08:40:00 AM,5.5,75.4,1016.6,5.3,1.5,-357,point
2023-01-30 08:50:00 AM,5.3,75.3,1016.6,5.1,1.3,-365,point
2023-01-30 09:00:00 AM,5.4,74.9,1016.7,5.2,1.3,-363,point
2023-01-30 09:10:00 AM,5.8,74.2,1017.0,5.6,1.6,-349,point
2023-01-30 09:20:00 AM,6.0,74.1,1017.0,5.7,1.7,-344,point
2023-01-30 09:30:00 AM,7.0,65.9,1017.0,6.6,1.1,-305,point
2023-01-30 09:40:00 AM,7.0,63.5,1017.2,6.5,0.6,-309,point
2023-01-30 09:50:00 AM,7.1,65.6,1017.2,6.6,1.1,-305,point
2023-01-30 10:00:00 AM,8.1,58.8,1017.2,7.4,0.5,-269,point
2023-01-30 10:10:00 AM,8.3,54.9,1017.4,7.6,-0.2,-263,point
2023-01-30 10:20:00 AM,7.9,53.1,1017.6,7.2,-1.0,-283,point
2023-01-30 10:30:00 AM,8.7,54.8,1017.6,7.9,0.1,-249,point
2023-01-30 10:40:00 AM,9.2,52.9,1017.4,8.3,0.1,-228,point
2023-01-30 10:50:00 AM,9.6,53.0,1017.8,8.7,0.5,-219,point
2023-01-30 11:00:00 AM,9.4,53.0,1018.2,8.5,0.3,-231,point
2023-01-30 11:10:00 AM,9.6,50.0,1018.0,8.6,-0.3,-221,point
2023-01-30 11:20:00 AM,10.0,48.9,1017.8,8.9,-0.3,-206,point
2023-01-30 11:30:00 AM,10.2,50.6,1018.1,9.1,0.4,-199,point
2023-01-30 11:40:00 AM,8.5,54.7,1018.0,7.8,-0.1,-263,point
2023-01-30 11:50:00 AM,9.9,52.2,1018.2,8.9,0.6,-210,point
2023-01-30 12:00:00 PM,8.9,53.3,1018.3,8.1,-0.1,-251,point
2023-01-30 12:10:00 PM,9.8,50.1,1018.4,8.8,-0.1,-218,point
2023-01-30 12:20:00 PM,10.1,52.1,1018.6,9.0,0.7,-210,point
2023-01-30 12:30:00 PM,9.3,54.0,1018.7,8.3,0.4,-241,point
2023-01-30 12:40:00 PM,10.2,54.5,1018.5,9.3,1.4,-202,point
2023-01-30 12:50:00 PM,10.4,50.0,1018.4,9.2,0.4,-197,point
2023-01-30 01:00:00 PM,9.4,51.3,1018.3,8.5,-0.1,-231,point
2023-01-30 01:10:00 PM,9.4,50.1,1018.3,8.4,-0.4,-233,point
2023-01-30 01:20:00 PM,11.3,47.8,1018.3,10.0,0.6,-162,point
2023-01-30 01:30:00 PM,12.4,45.0,1018.3,10.9,0.8,-122,point
2023-01-30 01:40:00 PM,10.3,45.9,1018.6,9.1,-0.8,-203,point
2023-01-30 01:50:00 PM,10.2,46.8,1018.5,9.0,-0.6,-204,point
2023-01-30 02:00:00 PM,9.1,50.3,1018.7,8.2,-0.7,-248,point
2023-01-30 02:10:00 PM,9.2,48.9,1018.6,8.2,-1.0,-245,point
2023-01-30 02:20:00 PM,10.9,49.0,1018.8,9.8,0.6,-180,point
2023-01-30 02:30:00 PM,9.1,47.4,1018.7,8.1,-1.5,-250,point
2023-01-30 02:40:00 PM,9.7,48.4,1018.6,8.6,-0.7,-227,point
2023-01-30 02:50:00 PM,9.3,50.6,1018.7,8.3,-0.4,-240,point
2023-01-30 03:00:00 PM,9.5,50.3,1018.9,8.5,-0.3,-235,point
2023-01-30 03:10:00 PM,10.2,50.8,1019.2,9.1,0.4,-212,point
2023-01-30 03:20:00 PM,9.2,51.6,1019.4,8.2,-0.2,-251,point
2023-01-30 03:30:00 PM,9.1,54.8,1019.3,8.2,0.5,-254,point
2023-01-30 03:40:00 PM,8.7,57.9,1019.3,8.0,0.9,-267,point
2023-01-30 03:50:00 PM,8.4,61.5,1019.6,7.7,1.4,-281,point
2023-01-30 04:00:00 PM,7.4,65.2,1019.9,6.9,1.3,-321,point
2023-01-30 04:10:00 PM,7.4,67.9,1019.9,6.9,1.9,-320,point
2023-01-30 04:20:00 PM,7.0,70.0,1019.8,6.7,1.9,-334,point
2023-01-30 04:30:00 PM,6.8,73.0,1019.9,6.4,2.3,-342,point
2023-01-30 04:40:00 PM,6.2,74.6,1020.0,6.0,2.1,-364,point
2023-01-30 04:50:00 PM,5.8,77.5,1020.0,5.7,2.2,-379,point
2023-01-30 05:00:00 PM,5.1,80.3,1020.2,4.9,2.0,-411,point
2023-01-30 05:10:00 PM,6.5,78.6,1020.3,6.3,3.1,-354,point
2023-01-30 05:20:00 PM,5.5,78.2,1020.3,5.3,2.0,-396,point
2023-01-30 05:30:00 PM,5.5,79.5,1020.4,5.3,2.2,-397,point
2023-01-30 05:40:00 PM,5.6,80.0,1020.7,5.4,2.4,-396,point
2023-01-30 05:50:00 PM,3.8,78.8,1020.8,3.7,0.5,-467,point
2023-01-30 06:00:00 PM,4.1,81.9,1020.6,4.0,1.3,-452,point
2023-01-30 06:10:00 PM,4.9,82.0,1020.8,4.8,2.1,-422,point
2023-01-30 06:20:00 PM,4.1,79.1,1020.9,4.0,0.8,-456,point
2023-01-30 06:30:00 PM,2.8,81.9,1020.9,2.6,0.0,-508,point
2023-01-30 06:40:00 PM,2.6,85.1,1020.9,2.6,0.4,-515,point
2023-01-30 06:50:00 PM,3.3,87.5,1021.0,3.3,1.4,-486,point
2023-01-30 07:00:00 PM,1.5,87.6,1020.8,1.5,-0.3,-557,point
2023-01-30 07:10:00 PM,2.2,90.4,1020.7,2.2,0.8,-526,point
2023-01-30 07:20:00 PM,0.9,89.7,1020.7,0.8,-0.6,-581,point
2023-01-30 07:30:00 PM,1.8,92.1,1020.6,1.7,0.6,-542,point
2023-01-30 07:40:00 PM,1.4,91.1,1020.8,1.3,0.1,-562,point
2023-01-30 07:50:00 PM,2.4,90.8,1021.1,2.4,1.1,-522,point
2023-01-30 08:00:00 PM,3.2,87.5,1021.1,3.2,1.4,-491,point
2023-01-30 08:10:00 PM,2.9,85.9,1021.2,2.9,0.8,-505,point
2023-01-30 08:20:00 PM,3.1,86.8,1021.2,3.1,1.1,-497,point
2023-01-30 08:30:00 PM,1.5,87.1,1021.2,1.5,-0.4,-561,point
2023-01-30 08:40:00 PM,1.3,89.8,1021.3,1.2,-0.2,-571,point
2023-01-30 08:50:00 PM,0.9,89.9,1021.1,0.8,-0.6,-585,point
2023-01-30 09:00:00 PM,-0.1,90.4,1021.0,-0.1,-1.5,-623,point
2023-01-30 09:10:00 PM,0.2,92.6,1020.9,0.1,-0.9,-609,point
2023-01-30 09:20:00 PM,0.3,93.2,1021.0,0.2,-0.7,-607,point
2023-01-30 09:30:00 PM,0.7,93.2,1021.0,0.7,-0.2,-588,point
2023-01-30 09:40:00 PM,0.9,92.1,1020.9,0.8,-0.3,-583,point
2023-01-30 09:50:00 PM,0.1,91.9,1020.6,0.0,-1.1,-612,point
2023-01-30 10:00:00 PM,-0.1,92.6,1020.7,0.0,-1.1,-618,point
2023-01-30 10:10:00 PM,-0.7,92.5,1020.4,-0.6,-1.7,-639,point
2023-01-30 10:20:00 PM,0.3,94.0,1020.4,0.3,-0.5,-598,point
2023-01-30 10:30:00 PM,0.2,93.0,1020.4,0.2,-0.8,-603,point
2023-01-30 10:40:00 PM,-0.4,92.6,1020.2,-0.4,-1.4,-626,point
2023-01-30 10:50:00 PM,0.9,93.0,1020.3,0.8,-0.1,-576,point
2023-01-30 11:00:00 PM,1.9,92.4,1020.1,1.9,0.8,-532,point
2023-01-30 11:10:00 PM,1.9,88.7,1020.2,1.8,0.2,-535,point
2023-01-30 11:20:00 PM,1.9,87.7,1020.3,1.9,0.1,-535,point
2023-01-30 11:30:00 PM,1.6,88.5,1020.3,1.6,-0.1,-546,point
2023-01-30 11:40:00 PM,2.2,88.4,1020.2,2.1,0.5,-524,point
2023-01-30 11:50:00 PM,2.1,88.3,1019.8,2.0,0.4,-523,point
2023-01-31 12:00:00 AM,2.1,88.2,1019.9,2.0,0.3,-523,point
2023-01-31 12:10:00 AM,2.1,88.7,1019.7,2.1,0.5,-521,point
2023-01-31 12:20:00 AM,1.8,88.8,1019.8,1.8,0.2,-533,point
2023-01-31 12:30:00 AM,2.2,89.0,1019.6,2.1,0.6,-517,point
2023-01-31 12:40:00 AM,2.5,88.5,1019.3,2.5,0.8,-500,point
2023-01-31 12:50:00 AM,3.1,87.5,1019.3,3.1,1.2,-476,point
2023-01-31 01:00:00 AM,3.2,87.6,1019.2,3.2,1.4,-470,point
2023-01-31 01:10:00 AM,3.2,87.6,1019.0,3.2,1.4,-469,point
2023-01-31 01:20:00 AM,3.3,86.8,1019.2,3.3,1.3,-467,point
2023-01-31 01:30:00 AM,3.6,87.0,1019.1,3.5,1.6,-456,point
2023-01-31 01:40:00 AM,3.7,87.0,1019.2,3.7,1.7,-452,point
2023-01-31 01:50:00 AM,4.2,85.2,1018.8,4.1,1.9,-430,point
2023-01-31 02:00:00 AM,4.6,84.3,1018.8,4.6,2.2,-412,point
2023-01-31 02:10:00 AM,5.2,82.6,1018.6,5.1,2.5,-388,point
2023-01-31 02:20:00 AM,5.0,81.9,1018.6,4.9,2.2,-396,point
2023-01-31 02:30:00 AM,5.5,80.0,1018.3,5.3,2.3,-375,point
2023-01-31 02:40:00 AM,5.6,79.1,1018.4,5.4,2.2,-371,point
2023-01-31 02:50:00 AM,5.8,78.5,1018.4,5.6,2.3,-364,point
2023-01-31 03:00:00 AM,5.8,78.0,1018.0,5.7,2.3,-357,point
2023-01-31 03:10:00 AM,5.6,78.6,1018.0,5.5,2.2,-367,point
2023-01-31 03:20:00 AM,5.8,78.9,1017.8,5.6,2.4,-359,point
2023-01-31 03:30:00 AM,5.8,79.0,1017.9,5.6,2.4,-359,point
2023-01-31 03:40:00 AM,5.8,78.8,1017.9,5.6,2.4,-360,point
2023-01-31 03:50:00 AM,6.0,78.3,1017.6,5.8,2.5,-348,point
2023-01-31 04:00:00 AM,6.0,78.5,1017.4,5.8,2.5,-346,point
2023-01-31 04:10:00 AM,5.9,78.7,1017.5,5.8,2.5,-350,point
2023-01-31 04:20:00 AM,6.0,78.7,1017.2,5.8,2.5,-344,point
2023-01-31 04:30:00 AM,6.0,79.2,1017.1,5.8,2.6,-343,point
2023-01-31 04:40:00 AM,6.0,79.4,1017.0,5.9,2.7,-340,point
2023-01-31 04:50:00 AM,6.1,79.9,1016.9,5.9,2.9,-337,point
2023-01-31 05:00:00 AM,6.1,79.3,1017.0,6.0,2.8,-336,point
2023-01-31 05:10:00 AM,6.2,79.6,1016.7,6.0,2.9,-331,point
2023-01-31 05:20:00 AM,6.1,80.5,1017.0,6.0,3.0,-336,point
2023-01-31 05:30:00 AM,5.8,81.4,1016.7,5.6,2.9,-345,point
2023-01-31 05:40:00 AM,5.5,82.5,1016.7,5.5,2.8,-355,point
2023-01-31 05:50:00 AM,5.6,83.5,1016.7,5.6,3.0,-351,point
2023-01-31 06:00:00 AM,5.5,84.2,1016.6,5.4,3.0,-355,point
2023-01-31 06:10:00 AM,5.5,84.9,1016.7,5.4,3.1,-357,point
2023-01-31 06:20:00 AM,5.8,85.1,1016.8,5.8,3.5,-344,point
2023-01-31 06:30:00 AM,5.6,85.0,1016.6,5.6,3.3,-350,point
2023-01-31 06:40:00 AM,5.7,86.3,1016.5,5.6,3.6,-347,point
2023-01-31 06:50:00 AM,5.9,85.9,1016.4,5.9,3.8,-335,point
2023-01-31 07:00:00 AM,5.7,86.0,1016.2,5.7,3.5,-342,point
2023-01-31 07:10:00 AM,5.6,87.7,1016.2,5.6,3.7,-345,point
2023-01-31 07:20:00 AM,5.4,88.5,1016.2,5.4,3.7,-352,point
2023-01-31 07:30:00 AM,5.6,88.8,1016.4,5.6,3.9,-346,point
2023-01-31 07:40:00 AM,5.9,89.1,1016.4,5.8,4.2,-336,point
2023-01-31 07:50:00 AM,5.7,88.8,1016.4,5.6,4.0,-343,point
2023-01-31 08:00:00 AM,5.8,89.1,1016.3,5.8,4.2,-338,point
2023-01-31 08:10:00 AM,6.0,89.5,1016.2,5.9,4.4,-330,point
2023-01-31 08:20:00 AM,6.0,89.3,1016.2,6.0,4.4,-327,point
2023-01-31 08:30:00 AM,6.5,88.5,1016.0,6.5,4.7,-308,point
2023-01-31 08:40:00 AM,6.8,87.3,1016.3,6.7,4.8,-300,point
2023-01-31 08:50:00 AM,6.9,87.1,1016.2,6.9,4.9,-293,point
2023-01-31 09:00:00 AM,7.2,86.5,1016.0,7.1,5.1,-282,point
2023-01-31 09:10:00 AM,7.4,85.9,1016.0,7.3,5.2,-273,point
2023-01-31 09:20:00 AM,7.6,84.8,1016.1,7.5,5.2,-268,point
2023-01-31 09:30:00 AM,7.7,84.8,1015.9,7.6,5.2,-261,point
2023-01-31 09:40:00 AM,7.7,85.1,1015.9,7.6,5.3,-261,point
2023-01-31 09:50:00 AM,8.0,84.5,1015.7,7.9,5.5,-246,point
2023-01-31 10:00:00 AM,9.8,71.6,1015.6,9.4,4.9,-180,point
2023-01-31 10:10:00 AM,10.0,66.9,1015.6,9.4,4.1,-174,point
2023-01-31 10:20:00 AM,10.1,63.4,1015.6,9.3,3.5,-174,point
2023-01-31 10:30:00 AM,10.1,62.8,1015.7,9.4,3.4,-172,point
2023-01-31 10:40:00 AM,11.3,62.1,1015.7,10.5,4.3,-129,point
2023-01-31 10:50:00 AM,12.1,59.8,1015.5,11.2,4.5,-94,point
2023-01-31 11:00:00 AM,11.8,59.9,1015.5,10.8,4.2,-108,point
2023-01-31 11:10:00 AM,11.9,60.0,1015.4,10.9,4.4,-102,point
2023-01-31 11:20:00 AM,11.4,63.1,1016.2,10.6,4.6,-128,point
2023-01-31 11:30:00 AM,10.5,69.2,1016.2,10.0,5.1,-159,point
2023-01-31 11:40:00 AM,11.0,68.2,1016.0,10.5,5.4,-138,point
2023-01-31 11:50:00 AM,12.2,58.0,1015.6,11.1,4.2,-94,point
2023-01-31 12:00:00 PM,11.1,61.1,1015.6,10.2,3.9,-135,point
2023-01-31 12:10:00 PM,11.1,62.0,1015.1,10.3,4.1,-130,point
2023-01-31 12:20:00 PM,11.9,53.6,1015.2,10.8,2.8,-102,point
2023-01-31 12:30:00 PM,12.0,51.9,1015.7,10.8,2.4,-105,point
2023-01-31 12:40:00 PM,10.3,56.0,1015.9,9.4,1.9,-170,point
2023-01-31 12:50:00 PM,11.1,51.8,1016.1,10.0,1.6,-142,point
2023-01-31 01:00:00 PM,11.3,49.9,1015.7,10.1,1.3,-132,point
2023-01-31 01:10:00 PM,10.0,54.8,1016.2,9.0,1.3,-188,point
2023-01-31 01:20:00 PM,10.6,52.8,1016.2,9.5,1.4,-165,point
2023-01-31 01:30:00 PM,10.6,48.9,1016.1,9.4,0.3,-166,point
2023-01-31 01:40:00 PM,11.0,47.5,1016.3,9.8,0.3,-151,point
2023-01-31 01:50:00 PM,12.5,46.4,1016.1,11.0,1.3,-94,point
2023-01-31 02:00:00 PM,9.9,51.8,1016.7,8.9,0.5,-196,point
2023-01-31 02:10:00 PM,9.8,53.9,1016.5,8.8,0.9,-198,point
2023-01-31 02:20:00 PM,10.6,45.7,1016.6,9.3,-0.7,-173,point
2023-01-31 02:30:00 PM,10.5,49.1,1016.9,9.4,0.3,-176,point
2023-01-31 02:40:00 PM,11.2,46.1,1016.8,9.8,0.0,-151,point
2023-01-31 02:50:00 PM,10.7,45.5,1017.0,9.5,-0.6,-171,point
2023-01-31 03:00:00 PM,11.0,45.0,1017.1,9.7,-0.5,-164,point
2023-01-31 03:10:00 PM,10.2,43.4,1017.1,9.0,-1.6,-191,point
2023-01-31 03:20:00 PM,10.3,46.4,1017.2,9.1,-0.6,-187,point
2023-01-31 03:30:00 PM,9.3,48.9,1017.1,8.2,-0.9,-227,point
2023-01-31 03:40:00 PM,8.5,54.6,1017.1,7.8,-0.1,-253,point
2023-01-31 03:50:00 PM,8.9,53.9,1017.2,8.0,0.1,-240,point
2023-01-31 04:00:00 PM,8.6,53.8,1017.4,7.8,-0.2,-251,point
2023-01-31 04:10:00 PM,8.6,54.3,1017.3,7.7,-0.1,-254,point
2023-01-31 04:20:00 PM,7.6,57.1,1017.4,6.9,-0.3,-291,point
2023-01-31 04:30:00 PM,7.5,59.8,1017.3,6.8,0.2,-292,point
2023-01-31 04:40:00 PM,7.1,61.9,1017.4,6.5,0.3,-309,point
2023-01-31 04:50:00 PM,6.9,63.8,1017.3,6.3,0.5,-316,point
2023-01-31 05:00:00 PM,6.2,65.4,1017.7,5.8,0.2,-344,point
2023-01-31 05:10:00 PM,5.8,68.0,1017.5,5.4,0.3,-359,point
2023-01-31 05:20:00 PM,5.0,68.6,1017.5,4.7,-0.3,-389,point
2023-01-31 05:30:00 PM,5.2,69.5,1017.7,5.0,0.1,-382,point
2023-01-31 05:40:00 PM,4.5,72.1,1017.7,4.2,-0.1,-410,point
2023-01-31 05:50:00 PM,6.4,69.0,1017.8,6.1,1.1,-337,point
2023-01-31 06:00:00 PM,5.8,66.6,1017.9,5.4,0.1,-363,point
2023-01-31 06:10:00 PM,6.6,65.2,1018.0,6.2,0.6,-332,point
2023-01-31 06:20:00 PM,6.9,62.5,1018.0,6.3,0.2,-324,point
2023-01-31 06:30:00 PM,6.5,62.4,1018.0,6.1,-0.1,-337,point
2023-01-31 06:40:00 PM,6.4,63.5,1017.8,5.9,-0.1,-341,point
2023-01-31 06:50:00 PM,4.7,66.8,1017.8,4.3,-0.9,-405,point
2023-01-31 07:00:00 PM,5.0,70.5,1017.6,4.7,0.0,-391,point
2023-01-31 07:10:00 PM,3.5,72.4,1017.4,3.2,-1.0,-447,point
2023-01-31 07:20:00 PM,5.2,74.3,1017.5,5.0,1.1,-377,point
2023-01-31 07:30:00 PM,5.4,70.2,1017.6,5.1,0.4,-373,point
2023-01-31 07:40:00 PM,4.9,68.7,1017.5,4.6,-0.3,-393,point
2023-01-31 07:50:00 PM,5.0,70.2,1017.2,4.8,0.1,-385,point
2023-01-31 08:00:00 PM,4.9,70.8,1017.2,4.7,0.1,-388,point
2023-01-31 08:10:00 PM,5.2,72.5,1017.1,5.0,0.7,-373,point
2023-01-31 08:20:00 PM,4.7,70.2,1017.2,4.5,-0.2,-395,point
2023-01-31 08:30:00 PM,4.4,70.9,1017.2,4.1,-0.4,-409,point
2023-01-31 08:40:00 PM,3.6,73.7,1016.8,3.5,-0.6,-433,point
2023-01-31 08:50:00 PM,3.8,75.5,1017.0,3.7,-0.1,-428,point
2023-01-31 09:00:00 PM,4.6,74.6,1017.0,4.3,0.5,-398,point
2023-01-31 09:10:00 PM,4.8,72.6,1017.3,4.5,0.3,-394,point
2023-01-31 09:20:00 PM,4.7,72.0,1017.4,4.4,0.1,-400,point
2023-01-31 09:30:00 PM,5.5,72.3,1017.3,5.2,0.9,-367,point
2023-01-31 09:40:00 PM,5.6,70.8,1017.3,5.3,0.7,-362,point
2023-01-31 09:50:00 PM,5.5,71.1,1017.5,5.1,0.7,-370,point
2023-01-31 10:00:00 PM,5.4,71.2,1017.3,5.1,0.6,-371,point
2023-01-31 10:10:00 PM,5.4,72.3,1017.4,5.1,0.8,-372,point
2023-01-31 10:20:00 PM,5.1,72.8,1017.5,4.9,0.6,-384,point
2023-01-31 10:30:00 PM,5.4,73.4,1017.4,5.2,1.1,-370,point
2023-01-31 10:40:00 PM,5.3,73.9,1017.1,5.0,1.0,-372,point
2023-01-31 10:50:00 PM,4.9,74.3,1017.2,4.7,0.7,-388,point
2023-01-31 11:00:00 PM,5.3,73.2,1017.0,5.0,0.9,-371,point
2023-01-31 11:10:00 PM,5.1,73.3,1017.2,4.9,0.7,-379,point
2023-01-31 11:20:00 PM,5.0,73.2,1017.1,4.7,0.6,-384,point
2023-01-31 11:30:00 PM,5.1,74.0,1017.1,4.8,0.8,-381,point
2023-01-31 11:40:00 PM,5.0,74.1,1017.0,4.8,0.8,-381,point
2023-01-31 11:50:00 PM,4.7,75.5,1016.7,4.4,0.7,-392,point
2023-02-01 12:00:00 AM,5.0,75.4,1016.9,4.7,1.0,-382,point
2023-02-01 12:10:00 AM,4.8,75.3,1016.6,4.5,0.8,-386,point
2023-02-01 12:20:00 AM,5.0,75.4,1016.8,4.8,1.0,-380,point
2023-02-01 12:30:00 AM,5.1,75.4,1016.6,4.8,1.1,-375,point
2023-02-01 12:40:00 AM,5.1,75.3,1016.5,4.9,1.1,-371,point
2023-02-01 12:50:00 AM,4.9,75.7,1016.5,4.6,1.0,-381,point
2023-02-01 01:00:00 AM,5.1,75.9,1016.1,4.9,1.2,-368,point
2023-02-01 01:10:00 AM,4.6,76.6,1016.0,4.4,0.9,-385,point
2023-02-01 01:20:00 AM,4.8,76.8,1015.9,4.5,1.0,-379,point
2023-02-01 01:30:00 AM,5.2,76.0,1016.1,5.0,1.3,-363,point
2023-02-01 01:40:00 AM,4.9,75.7,1016.3,4.6,0.9,-380,point
2023-02-01 01:50:00 AM,4.8,75.5,1016.2,4.6,0.9,-380,point
2023-02-01 02:00:00 AM,5.2,75.7,1016.1,5.0,1.3,-364,point
2023-02-01 02:10:00 AM,5.2,76.0,1016.0,4.9,1.3,-364,point
2023-02-01 02:20:00 AM,4.9,76.0,1016.1,4.6,1.0,-378,point
2023-02-01 02:30:00 AM,5.0,76.4,1015.9,4.7,1.1,-371,point
2023-02-01 02:40:00 AM,4.9,76.7,1016.0,4.6,1.2,-375,point
2023-02-01 02:50:00 AM,4.9,77.4,1015.8,4.8,1.3,-372,point
2023-02-01 03:00:00 AM,4.6,78.0,1015.9,4.5,1.1,-384,point
2023-02-01 03:10:00 AM,4.9,78.2,1015.6,4.8,1.4,-370,point
2023-02-01 03:20:00 AM,5.1,78.0,1015.9,5.0,1.6,-365,point
2023-02-01 03:30:00 AM,4.6,78.0,1015.8,4.5,1.1,-383,point
2023-02-01 03:40:00 AM,4.4,78.5,1015.7,4.3,1.0,-391,point
2023-02-01 03:50:00 AM,4.7,78.9,1015.6,4.6,1.4,-377,point
2023-02-01 04:00:00 AM,4.5,79.6,1015.5,4.3,1.3,-385,point
2023-02-01 04:10:00 AM,4.9,78.9,1015.8,4.7,1.5,-372,point
2023-02-01 04:20:00 AM,4.4,78.7,1015.8,4.2,1.0,-393,point
2023-02-01 04:30:00 AM,4.7,79.1,1015.6,4.5,1.4,-379,point
2023-02-01 04:40:00 AM,4.7,79.3,1015.6,4.6,1.5,-376,point
2023-02-01 04:50:00 AM,4.5,79.7,1015.8,4.4,1.3,-387,point
2023-02-01 05:00:00 AM,4.5,79.8,1015.9,4.4,1.4,-387,point
2023-02-01 05:10:00 AM,4.5,79.8,1015.9,4.3,1.3,-389,point
2023-02-01 05:20:00 AM,4.4,80.3,1016.2,4.3,1.3,-394,point
2023-02-01 05:30:00 AM,4.3,80.7,1015.8,4.2,1.3,-394,point
2023-02-01 05:40:00 AM,4.1,81.0,1015.8,3.9,1.1,-403,point
2023-02-01 05:50:00 AM,4.4,81.5,1016.0,4.3,1.5,-393,point
2023-02-01 06:00:00 AM,4.4,81.1,1016.0,4.3,1.5,-392,point
2023-02-01 06:10:00 AM,4.2,81.2,1015.9,4.0,1.2,-402,point
2023-02-01 06:20:00 AM,4.2,81.5,1015.8,4.0,1.3,-400,point
2023-02-01 06:30:00 AM,4.0,81.9,1016.1,3.8,1.2,-411,point
2023-02-01 06:40:00 AM,3.9,81.8,1016.0,3.8,1.1,-413,point
2023-02-01 06:50:00 AM,4.1,81.7,1016.4,3.9,1.2,-410,point
2023-02-01 07:00:00 AM,4.2,81.1,1016.3,4.1,1.3,-404,point
2023-02-01 07:10:00 AM,4.2,80.6,1016.3,4.1,1.2,-404,point
2023-02-01 07:20:00 AM,3.8,80.6,1016.2,3.7,0.8,-418,point
2023-02-01 07:30:00 AM,4.3,81.6,1016.1,4.1,1.4,-400,point
2023-02-01 07:40:00 AM,4.0,80.6,1016.0,3.9,1.0,-409,point
2023-02-01 07:50:00 AM,4.6,80.3,1015.8,4.5,1.5,-382,point
2023-02-01 08:00:00 AM,4.9,78.5,1016.1,4.7,1.4,-377,point
2023-02-01 08:10:00 AM,5.0,78.5,1015.9,4.9,1.6,-369,point
2023-02-01 08:20:00 AM,5.1,78.1,1016.1,4.9,1.6,-368,point
2023-02-01 08:30:00 AM,5.6,77.3,1016.1,5.4,1.9,-350,point
2023-02-01 08:40:00 AM,5.2,77.4,1016.2,5.1,1.6,-364,point
2023-02-01 08:50:00 AM,5.4,76.9,1016.2,5.2,1.7,-356,point
2023-02-01 09:00:00 AM,5.6,76.3,1016.2,5.4,1.8,-349,point
2023-02-01 09:10:00 AM,5.8,75.5,1016.0,5.6,1.9,-338,point
2023-02-01 09:20:00 AM,6.3,73.6,1016.0,6.1,2.0,-319,point
2023-02-01 09:30:00 AM,6.4,66.4,1015.5,6.0,0.6,-315,point
2023-02-01 09:40:00 AM,6.9,63.1,1016.0,6.3,0.3,-302,point
2023-02-01 09:50:00 AM,6.9,64.5,1015.8,6.4,0.6,-300,point
2023-02-01 10:00:00 AM,7.0,59.9,1015.8,6.5,-0.2,-295,point
2023-02-01 10:10:00 AM,7.4,57.3,1015.8,6.8,-0.4,-281,point
2023-02-01 10:20:00 AM,7.8,56.6,1015.6,7.1,-0.3,-266,point
2023-02-01 10:30:00 AM,9.1,55.6,1015.6,8.2,0.6,-216,point
2023-02-01 10:40:00 AM,9.8,54.3,1015.6,8.8,1.0,-189,point
2023-02-01 10:50:00 AM,9.7,54.7,1015.6,8.9,1.0,-190,point
2023-02-01 11:00:00 AM,9.3,54.8,1015.7,8.4,0.7,-210,point
2023-02-01 11:10:00 AM,9.2,55.4,1016.0,8.3,0.7,-217,point
2023-02-01 11:20:00 AM,10.0,54.8,1016.1,9.0,1.3,-185,point
2023-02-01 11:30:00 AM,10.1,53.5,1015.9,9.1,1.0,-182,point
2023-02-01 11:40:00 AM,9.9,54.7,1015.8,9.0,1.2,-185,point
2023-02-01 11:50:00 AM,10.0,57.3,1015.8,9.1,1.9,-182,point
2023-02-01 12:00:00 PM,9.1,59.3,1016.2,8.4,1.6,-219,point
2023-02-01 12:10:00 PM,9.9,59.5,1016.3,9.1,2.4,-189,point
2023-02-01 12:20:00 PM,9.9,59.8,1016.3,9.1,2.4,-189,point
2023-02-01 12:30:00 PM,9.7,61.3,1016.1,8.9,2.6,-195,point
2023-02-01 12:40:00 PM,11.1,54.4,1016.1,10.0,2.2,-145,point
2023-02-01 12:50:00 PM,10.7,53.6,1016.1,9.7,1.7,-157,point
2023-02-01 01:00:00 PM,9.7,61.4,1016.1,8.9,2.6,-195,point
2023-02-01 01:10:00 PM,9.2,65.0,1016.1,8.6,3.0,-210,point
2023-02-01 01:20:00 PM,9.3,65.6,1016.1,8.7,3.2,-206,point
2023-02-01 01:30:00 PM,9.6,64.2,1015.8,8.9,3.2,-193,point
2023-02-01 01:40:00 PM,9.6,64.7,1015.9,8.9,3.2,-195,point
2023-02-01 01:50:00 PM,9.4,66.1,1015.9,8.8,3.4,-202,point
2023-02-01 02:00:00 PM,9.3,67.0,1015.7,8.7,3.5,-203,point
2023-02-01 02:10:00 PM,9.5,66.0,1016.0,9.0,3.5,-198,point
2023-02-01 02:20:00 PM,9.6,66.4,1016.2,9.1,3.7,-196,point
2023-02-01 02:30:00 PM,9.6,66.3,1016.0,9.0,3.6,-197,point
2023-02-01 02:40:00 PM,9.4,67.0,1016.1,8.8,3.5,-204,point
2023-02-01 02:50:00 PM,9.6,66.7,1016.0,9.0,3.7,-196,point
2023-02-01 03:00:00 PM,9.3,68.2,1016.0,8.8,3.8,-204,point
2023-02-01 03:10:00 PM,9.1,68.7,1016.2,8.7,3.6,-214,point
2023-02-01 03:20:00 PM,9.1,69.0,1016.1,8.7,3.7,-212,point
2023-02-01 03:30:00 PM,9.0,69.7,1016.2,8.5,3.7,-219,point
2023-02-01 03:40:00 PM,8.9,69.5,1016.1,8.5,3.6,-221,point
2023-02-01 03:50:00 PM,8.9,69.6,1016.3,8.5,3.7,-221,point
2023-02-01 04:00:00 PM,9.2,69.6,1016.3,8.7,3.9,-213,point
2023-02-01 04:10:00 PM,9.2,69.4,1016.5,8.7,3.9,-215,point
2023-02-01 04:20:00 PM,9.0,70.0,1016.8,8.6,3.8,-224,point
2023-02-01 04:30:00 PM,9.0,70.1,1017.0,8.5,3.8,-227,point
2023-02-01 04:40:00 PM,9.1,69.8,1016.9,8.7,3.9,-221,point
2023-02-01 04:50:00 PM,9.0,70.0,1017.0,8.6,3.8,-226,point
2023-02-01 05:00:00 PM,9.1,69.7,1017.1,8.7,3.9,-221,point
2023-02-01 05:10:00 PM,8.9,69.7,1016.9,8.4,3.7,-229,point
2023-02-01 05:20:00 PM,9.0,69.7,1016.7,8.5,3.7,-224,point
2023-02-01 05:30:00 PM,8.9,70.0,1017.0,8.5,3.8,-228,point
2023-02-01 05:40:00 PM,8.9,70.9,1017.1,8.4,3.9,-231,point
2023-02-01 05:50:00 PM,8.7,71.2,1017.0,8.3,3.8,-237,point
2023-02-01 06:00:00 PM,8.7,71.6,1017.1,8.3,3.8,-240,point
2023-02-01 06:10:00 PM,8.3,73.1,1017.1,7.9,3.7,-255,point
2023-02-01 06:20:00 PM,8.2,73.5,1017.3,7.9,3.8,-258,point
2023-02-01 06:30:00 PM,8.1,74.4,1017.2,7.7,3.8,-263,point
2023-02-01 06:40:00 PM,7.9,74.7,1017.4,7.6,3.7,-270,point
2023-02-01 06:50:00 PM,8.4,73.7,1017.4,8.1,4.0,-252,point
2023-02-01 07:00:00 PM,8.3,73.1,1017.5,7.9,3.7,-259,point
2023-02-01 07:10:00 PM,8.3,73.5,1017.6,7.9,3.8,-260,point
2023-02-01 07:20:00 PM,8.2,73.8,1017.6,7.8,3.8,-263,point
2023-02-01 07:30:00 PM,8.3,74.6,1017.6,7.9,4.0,-259,point
2023-02-01 07:40:00 PM,8.3,74.8,1017.7,8.0,4.1,-258,point
2023-02-01 07:50:00 PM,8.1,75.2,1017.8,7.9,4.0,-267,point
2023-02-01 08:00:00 PM,8.0,75.2,1017.9,7.7,3.9,-273,point
2023-02-01 08:10:00 PM,7.8,75.4,1017.8,7.6,3.8,-278,point
2023-02-01 08:20:00 PM,8.1,75.3,1018.1,7.8,4.0,-272,point
2023-02-01 08:30:00 PM,7.9,75.6,1018.0,7.7,3.9,-277,point
2023-02-01 08:40:00 PM,7.8,75.8,1018.1,7.5,3.8,-283,point
2023-02-01 08:50:00 PM,7.9,75.9,1018.0,7.7,4.0,-275,point
2023-02-01 09:00:00 PM,8.0,75.7,1018.2,7.7,4.0,-275,point
2023-02-01 09:10:00 PM,8.0,75.4,1018.3,7.7,3.9,-278,point
2023-02-01 09:20:00 PM,7.9,75.6,1018.5,7.7,3.9,-281,point
2023-02-01 09:30:00 PM,7.9,75.9,1018.3,7.6,3.9,-282,point
2023-02-01 09:40:00 PM,7.7,76.2,1018.5,7.4,3.8,-291,point
2023-02-01 09:50:00 PM,7.8,76.4,1018.5,7.5,3.9,-288,point
2023-02-01 10:00:00 PM,7.7,76.7,1018.4,7.5,3.9,-288,point
2023-02-01 10:10:00 PM,7.9,76.5,1018.3,7.6,4.0,-281,point
2023-02-01 10:20:00 PM,7.9,76.4,1018.3,7.7,4.0,-279,point
2023-02-01 10:30:00 PM,7.9,76.5,1018.4,7.7,4.0,-281,point
2023-02-01 10:40:00 PM,7.7,76.9,1018.1,7.5,3.9,-285,point
2023-02-01 10:50:00 PM,7.6,77.2,1018.6,7.3,3.9,-295,point
2023-02-01 11:00:00 PM,7.7,77.0,1018.5,7.4,3.9,-292,point
2023-02-01 11:10:00 PM,7.7,77.6,1018.7,7.5,4.0,-291,point
2023-02-01 11:20:00 PM,7.6,77.7,1018.5,7.3,3.9,-295,point
2023-02-01 11:30:00 PM,7.6,78.0,1018.5,7.4,4.0,-293,point
2023-02-01 11:40:00 PM,7.4,78.0,1018.5,7.2,3.8,-301,point
2023-02-01 11:50:00 PM,7.7,78.6,1018.5,7.4,4.2,-291,point
2023-02-02 12:00:00 AM,7.6,78.3,1018.6,7.3,4.0,-296,point
2023-02-02 12:10:00 AM,7.7,78.2,1018.7,7.4,4.1,-293,point
2023-02-02 12:20:00 AM,7.7,77.8,1018.7,7.5,4.1,-291,point
2023-02-02 12:30:00 AM,7.8,77.9,1018.6,7.6,4.2,-286,point
2023-02-02 12:40:00 AM,7.8,77.8,1018.2,7.6,4.2,-283,point
2023-02-02 12:50:00 AM,7.8,77.9,1018.5,7.5,4.2,-286,point
2023-02-02 01:00:00 AM,7.7,77.9,1018.4,7.5,4.1,-288,point
2023-02-02 01:10:00 AM,7.5,78.2,1018.6,7.2,3.9,-299,point
2023-02-02 01:20:00 AM,7.7,77.7,1018.4,7.5,4.1,-288,point
2023-02-02 01:30:00 AM,7.7,77.9,1018.7,7.4,4.1,-292,point
2023-02-02 01:40:00 AM,7.7,77.9,1018.7,7.4,4.0,-293,point
2023-02-02 01:50:00 AM,7.7,77.7,1018.8,7.5,4.1,-292,point
2023-02-02 02:00:00 AM,7.5,78.2,1018.8,7.3,4.0,-300,point
2023-02-02 02:10:00 AM,7.2,78.6,1018.6,7.0,3.8,-308,point
2023-02-02 02:20:00 AM,7.2,78.9,1018.8,7.1,3.8,-311,point
2023-02-02 02:30:00 AM,7.0,79.5,1018.8,6.9,3.7,-320,point
2023-02-02 02:40:00 AM,6.9,80.7,1018.7,6.7,3.8,-324,point
2023-02-02 02:50:00 AM,6.3,81.6,1018.7,6.2,3.4,-344,point
2023-02-02 03:00:00 AM,6.0,82.3,1018.6,5.8,3.2,-357,point
2023-02-02 03:10:00 AM,5.9,83.9,1018.6,5.8,3.4,-361,point
2023-02-02 03:20:00 AM,5.9,84.2,1018.3,5.8,3.4,-357,point
2023-02-02 03:30:00 AM,5.2,84.3,1018.5,5.1,2.8,-387,point
2023-02-02 03:40:00 AM,5.5,85.6,1018.5,5.4,3.2,-375,point
2023-02-02 03:50:00 AM,5.4,85.7,1018.6,5.4,3.2,-378,point
2023-02-02 04:00:00 AM,5.7,86.3,1018.4,5.6,3.6,-365,point
2023-02-02 04:10:00 AM,5.6,85.5,1018.5,5.5,3.4,-370,point
2023-02-02 04:20:00 AM,5.9,85.8,1018.7,5.8,3.7,-360,point
2023-02-02 04:30:00 AM,6.2,85.0,1018.9,6.1,3.8,-351,point
2023-02-02 04:40:00 AM,6.4,84.3,1018.8,6.3,3.9,-343,point
2023-02-02 04:50:00 AM,5.9,83.8,1018.9,5.9,3.4,-361,point
2023-02-02 05:00:00 AM,6.4,83.5,1018.7,6.4,3.8,-341,point
2023-02-02 05:10:00 AM,5.9,84.0,1018.7,5.8,3.4,-362,point
2023-02-02 05:20:00 AM,5.9,83.8,1018.6,5.8,3.4,-359,point
2023-02-02 05:30:00 AM,5.6,84.7,1018.8,5.6,3.2,-372,point
2023-02-02 05:40:00 AM,5.3,85.4,1018.5,5.3,3.1,-381,point
2023-02-02 05:50:00 AM,5.8,84.8,1018.6,5.8,3.5,-363,point
2023-02-02 06:00:00 AM,5.7,84.8,1018.7,5.6,3.3,-370,point
2023-02-02 06:10:00 AM,5.8,84.7,1018.9,5.8,3.5,-364,point
2023-02-02 06:20:00 AM,6.0,84.3,1018.8,5.9,3.5,-358,point
2023-02-02 06:30:00 AM,5.8,84.0,1018.9,5.8,3.3,-364,point
2023-02-02 06:40:00 AM,5.9,84.1,1018.9,5.8,3.4,-363,point
2023-02-02 06:50:00 AM,6.2,83.6,1019.2,6.1,3.6,-355,point
2023-02-02 07:00:00 AM,6.3,82.9,1019.2,6.2,3.6,-352,point
2023-02-02 07:10:00 AM,6.4,82.6,1019.4,6.4,3.7,-348,point
2023-02-02 07:20:00 AM,6.5,83.2,1019.2,6.4,3.8,-343,point
2023-02-02 07:30:00 AM,6.1,83.1,1019.7,6.1,3.5,-362,point
2023-02-02 07:40:00 AM,6.9,83.1,1019.5,6.8,4.2,-331,point
2023-02-02 07:50:00 AM,6.6,83.1,1019.4,6.6,4.0,-339,point
2023-02-02 08:00:00 AM,6.7,83.4,1019.4,6.6,4.0,-338,point
2023-02-02 08:10:00 AM,6.7,83.0,1019.4,6.7,4.0,-336,point
2023-02-02 08:20:00 AM,6.8,83.0,1019.4,6.8,4.2,-331,point
2023-02-02 08:30:00 AM,7.0,82.7,1019.3,6.9,4.2,-324,point
2023-02-02 08:40:00 AM,7.0,82.2,1019.4,6.9,4.2,-324,point
2023-02-02 08:50:00 AM,7.2,81.2,1019.7,7.0,4.2,-321,point
2023-02-02 09:00:00 AM,7.5,80.6,1019.5,7.3,4.4,-307,point
2023-02-02 09:10:00 AM,7.8,80.0,1019.6,7.6,4.5,-298,point
2023-02-02 09:20:00 AM,8.1,79.2,1019.6,8.0,4.7,-284,point
2023-02-02 09:30:00 AM,8.8,72.7,1019.4,8.5,4.2,-257,point
2023-02-02 09:40:00 AM,8.9,68.6,1019.4,8.5,3.5,-253,point
2023-02-02 09:50:00 AM,9.4,68.8,1019.2,8.9,4.0,-233,point
2023-02-02 10:00:00 AM,9.8,61.5,1019.3,9.0,2.7,-224,point
2023-02-02 10:10:00 AM,11.0,60.9,1019.2,10.1,3.7,-177,point
2023-02-02 10:20:00 AM,10.3,61.5,1019.6,9.6,3.3,-204,point
2023-02-02 10:30:00 AM,9.8,66.5,1019.8,9.3,3.9,-224,point
2023-02-02 10:40:00 AM,11.1,63.7,1020.0,10.3,4.4,-180,point
2023-02-02 10:50:00 AM,10.8,61.2,1020.0,10.0,3.7,-189,point
2023-02-02 11:00:00 AM,12.3,59.0,1019.6,11.3,4.5,-132,point
2023-02-02 11:10:00 AM,11.4,61.5,1019.7,10.6,4.3,-163,point
2023-02-02 11:20:00 AM,11.8,59.0,1019.6,10.8,4.0,-151,point
2023-02-02 11:30:00 AM,12.3,59.6,1019.5,11.3,4.7,-129,point
2023-02-02 11:40:00 AM,12.7,62.3,1019.9,11.9,5.7,-115,point
2023-02-02 11:50:00 AM,12.3,58.6,1019.4,11.4,4.5,-126,point
2023-02-02 12:00:00 PM,11.7,63.5,1019.8,10.9,5.0,-153,point
2023-02-02 12:10:00 PM,11.8,63.1,1020.1,10.9,5.0,-154,point
2023-02-02 12:20:00 PM,11.3,66.4,1020.0,10.6,5.2,-171,point
2023-02-02 12:30:00 PM,12.0,62.7,1019.8,11.2,5.1,-141,point
2023-02-02 12:40:00 PM,13.1,57.9,1019.8,12.0,5.0,-100,point
2023-02-02 12:50:00 PM,12.6,56.2,1019.5,11.5,4.1,-119,point
2023-02-02 01:00:00 PM,12.7,59.7,1019.7,11.7,5.1,-114,point
2023-02-02 01:10:00 PM,11.9,65.0,1019.7,11.2,5.5,-143,point
2023-02-02 01:20:00 PM,11.5,67.0,1019.8,10.8,5.6,-160,point
2023-02-02 01:30:00 PM,11.2,70.7,1019.9,10.6,6.1,-170,point
2023-02-02 01:40:00 PM,10.9,72.4,1019.9,10.4,6.1,-182,point
2023-02-02 01:50:00 PM,10.9,73.3,1019.6,10.5,6.3,-179,point
2023-02-02 02:00:00 PM,10.8,73.4,1019.7,10.4,6.2,-183,point
2023-02-02 02:10:00 PM,10.7,75.3,1019.7,10.3,6.5,-186,point
2023-02-02 02:20:00 PM,10.8,76.0,1019.5,10.4,6.7,-180,point
2023-02-02 02:30:00 PM,11.0,74.5,1019.5,10.6,6.7,-170,point
2023-02-02 02:40:00 PM,11.2,73.3,1019.5,10.7,6.6,-165,point
2023-02-02 02:50:00 PM,11.3,71.1,1019.6,10.7,6.2,-163,point
2023-02-02 03:00:00 PM,11.1,72.0,1019.6,10.6,6.2,-172,point
2023-02-02 03:10:00 PM,11.1,73.0,1019.8,10.7,6.5,-172,point
2023-02-02 03:20:00 PM,10.9,73.8,1019.5,10.6,6.4,-175,point
2023-02-02 03:30:00 PM,10.8,74.8,1019.7,10.5,6.6,-180,point
2023-02-02 03:40:00 PM,11.0,74.8,1019.8,10.6,6.7,-174,point
2023-02-02 03:50:00 PM,10.9,72.3,1019.8,10.5,6.1,-179,point
2023-02-02 04:00:00 PM,10.7,71.9,1019.9,10.2,5.8,-189,point
2023-02-02 04:10:00 PM,10.7,70.4,1019.8,10.1,5.5,-189,point
2023-02-02 04:20:00 PM,10.4,70.8,1020.0,9.9,5.3,-202,point
2023-02-02 04:30:00 PM,10.3,71.7,1020.1,9.8,5.4,-207,point
2023-02-02 04:40:00 PM,10.2,72.0,1020.0,9.8,5.4,-207,point
2023-02-02 04:50:00 PM,10.1,72.2,1020.4,9.6,5.3,-219,point
2023-02-02 05:00:00 PM,9.8,72.8,1020.2,9.3,5.1,-227,point
2023-02-02 05:10:00 PM,10.2,73.5,1020.0,9.9,5.7,-206,point
2023-02-02 05:20:00 PM,9.8,73.9,1020.1,9.4,5.3,-226,point
2023-02-02 05:30:00 PM,9.1,75.3,1019.8,8.9,5.0,-248,point
2023-02-02 05:40:00 PM,9.3,76.0,1020.0,8.9,5.3,-243,point
2023-02-02 05:50:00 PM,9.1,77.0,1019.6,8.9,5.3,-244,point
2023-02-02 06:00:00 PM,8.9,77.9,1019.7,8.7,5.3,-253,point
2023-02-02 06:10:00 PM,8.5,78.4,1020.1,8.3,5.0,-274,point
2023-02-02 06:20:00 PM,8.8,80.6,1020.1,8.6,5.6,-263,point
2023-02-02 06:30:00 PM,8.6,81.0,1020.1,8.5,5.6,-268,point
2023-02-02 06:40:00 PM,8.9,82.4,1020.1,8.8,6.1,-256,point
2023-02-02 06:50:00 PM,8.9,82.4,1019.7,8.7,6.1,-253,point
2023-02-02 07:00:00 PM,8.9,82.6,1019.8,8.9,6.1,-253,point
2023-02-02 07:10:00 PM,9.3,82.0,1020.1,9.2,6.4,-240,point
2023-02-02 07:20:00 PM,9.5,81.1,1020.0,9.4,6.4,-232,point
2023-02-02 07:30:00 PM,9.8,80.7,1020.2,9.6,6.6,-224,point
2023-02-02 07:40:00 PM,9.8,80.3,1020.4,9.5,6.5,-226,point
2023-02-02 07:50:00 PM,9.8,80.4,1020.6,9.5,6.5,-229,point
2023-02-02 08:00:00 PM,9.7,80.6,1020.5,9.4,6.5,-231,point
2023-02-02 08:10:00 PM,9.7,80.9,1020.9,9.5,6.6,-234,point
2023-02-02 08:20:00 PM,9.7,81.4,1020.8,9.6,6.7,-233,point
2023-02-02 08:30:00 PM,9.6,81.5,1020.9,9.4,6.6,-238,point
2023-02-02 08:40:00 PM,9.5,81.9,1021.0,9.4,6.6,-241,point
2023-02-02 08:50:00 PM,9.6,82.2,1021.1,9.4,6.7,-241,point
2023-02-02 09:00:00 PM,9.4,82.0,1020.6,9.3,6.5,-240,point
2023-02-02 09:10:00 PM,9.3,81.5,1020.6,9.2,6.3,-245,point
2023-02-02 09:20:00 PM,9.4,80.4,1020.5,9.2,6.2,-241,point
2023-02-02 09:30:00 PM,9.2,79.8,1020.1,9.0,5.9,-247,point
2023-02-02 09:40:00 PM,9.1,79.4,1020.3,9.0,5.8,-251,point
2023-02-02 09:50:00 PM,8.3,80.3,1020.2,8.2,5.2,-281,point
2023-02-02 10:00:00 PM,8.6,81.1,1019.9,8.5,5.6,-266,point
2023-02-02 10:10:00 PM,7.8,82.4,1019.9,7.6,5.0,-299,point
2023-02-02 10:20:00 PM,7.7,84.5,1019.5,7.7,5.3,-296,point
2023-02-02 10:30:00 PM,8.2,85.5,1020.0,8.1,5.9,-283,point
2023-02-02 10:40:00 PM,8.3,84.8,1020.1,8.3,5.9,-279,point
2023-02-02 10:50:00 PM,8.3,84.8,1020.1,8.3,5.9,-279,point
2023-02-02 11:00:00 PM,8.2,84.4,1020.3,8.1,5.7,-287,point
2023-02-02 11:10:00 PM,8.3,83.6,1020.4,8.3,5.7,-281,point
2023-02-02 11:20:00 PM,8.6,83.8,1020.4,8.6,6.0,-271,point
2023-02-02 11:30:00 PM,8.4,83.0,1020.5,8.4,5.7,-279,point
2023-02-02 11:40:00 PM,8.5,83.3,1020.8,8.4,5.8,-280,point
2023-02-02 11:50:00 PM,8.3,83.5,1020.7,8.3,5.7,-285,point
2023-02-03 12:00:00 AM,8.4,83.4,1020.7,8.3,5.7,-284,point
2023-02-03 12:10:00 AM,8.6,84.2,1020.5,8.5,6.1,-273,point
2023-02-03 12:20:00 AM,8.2,83.9,1020.6,8.2,5.7,-287,point
2023-02-03 12:30:00 AM,8.0,84.2,1020.7,7.9,5.5,-298,point
2023-02-03 12:40:00 AM,8.4,84.4,1020.7,8.3,5.9,-283,point
2023-02-03 12:50:00 AM,8.3,83.6,1020.6,8.3,5.7,-285,point
2023-02-03 01:00:00 AM,8.4,83.2,1020.6,8.4,5.8,-280,point
2023-02-03 01:10:00 AM,8.5,82.9,1020.6,8.5,5.8,-277,point
2023-02-03 01:20:00 AM,8.3,83.0,1020.4,8.2,5.6,-285,point
2023-02-03 01:30:00 AM,8.4,83.2,1020.5,8.4,5.7,-280,point
2023-02-03 01:40:00 AM,8.4,82.4,1020.4,8.2,5.6,-280,point
2023-02-03 01:50:00 AM,8.5,82.2,1020.5,8.4,5.7,-277,point
2023-02-03 02:00:00 AM,8.8,82.5,1020.4,8.6,5.9,-266,point
2023-02-03 02:10:00 AM,8.6,83.0,1020.5,8.6,5.9,-270,point
2023-02-03 02:20:00 AM,8.4,82.4,1020.6,8.2,5.5,-283,point
2023-02-03 02:30:00 AM,8.4,83.2,1020.4,8.4,5.7,-279,point
2023-02-03 02:40:00 AM,8.4,83.7,1020.4,8.4,5.8,-278,point
2023-02-03 02:50:00 AM,8.3,83.8,1020.6,8.3,5.7,-285,point
2023-02-03 03:00:00 AM,8.1,84.7,1020.7,8.1,5.7,-292,point
2023-02-03 03:10:00 AM,8.6,85.1,1020.8,8.6,6.3,-273,point
2023-02-03 03:20:00 AM,8.3,85.0,1020.5,8.3,6.0,-282,point
2023-02-03 03:30:00 AM,8.4,85.2,1020.6,8.3,6.0,-282,point
2023-02-03 03:40:00 AM,8.2,86.0,1020.5,8.1,6.0,-288,point
2023-02-03 03:50:00 AM,8.3,85.9,1020.6,8.3,6.1,-284,point
2023-02-03 04:00:00 AM,8.7,85.9,1020.8,8.7,6.5,-270,point
2023-02-03 04:10:00 AM,8.6,85.6,1020.7,8.6,6.3,-273,point
2023-02-03 04:20:00 AM,8.6,85.7,1020.7,8.5,6.3,-274,point
2023-02-03 04:30:00 AM,8.6,85.2,1020.7,8.6,6.3,-272,point
2023-02-03 04:40:00 AM,9.0,84.5,1020.5,8.9,6.5,-256,point
2023-02-03 04:50:00 AM,8.7,84.0,1021.0,8.7,6.2,-272,point
2023-02-03 05:00:00 AM,8.8,83.9,1020.8,8.8,6.2,-266,point
2023-02-03 05:10:00 AM,8.6,84.2,1021.2,8.6,6.1,-278,point
2023-02-03 05:20:00 AM,8.7,84.2,1020.8,8.6,6.2,-273,point
2023-02-03 05:30:00 AM,8.5,83.9,1020.9,8.5,6.0,-279,point
2023-02-03 05:40:00 AM,8.7,83.6,1021.1,8.7,6.1,-273,point
2023-02-03 05:50:00 AM,8.9,82.9,1021.0,8.8,6.1,-267,point
2023-02-03 06:00:00 AM,8.7,83.3,1021.3,8.6,6.0,-278,point
2023-02-03 06:10:00 AM,8.8,83.3,1021.1,8.7,6.1,-271,point
2023-02-03 06:20:00 AM,8.8,83.2,1021.2,8.8,6.1,-271,point
2023-02-03 06:30:00 AM,8.5,83.8,1020.9,8.4,5.9,-282,point
2023-02-03 06:40:00 AM,8.6,83.7,1021.1,8.5,6.0,-279,point
2023-02-03 06:50:00 AM,8.7,83.3,1021.1,8.7,6.0,-274,point
2023-02-03 07:00:00 AM,8.9,83.8,1020.8,8.8,6.3,-265,point
2023-02-03 07:10:00 AM,9.0,83.5,1021.1,8.9,6.3,-263,point
2023-02-03 07:20:00 AM,9.1,83.1,1021.2,9.0,6.3,-262,point
2023-02-03 07:30:00 AM,8.9,83.4,1021.4,8.9,6.3,-268,point
2023-02-03 07:40:00 AM,8.9,83.1,1021.5,8.9,6.2,-269,point
2023-02-03 07:50:00 AM,8.9,83.2,1022.0,8.9,6.3,-274,point
2023-02-03 08:00:00 AM,9.1,83.0,1021.9,9.1,6.3,-267,point
2023-02-03 08:10:00 AM,9.1,82.4,1022.3,9.0,6.3,-271,point
2023-02-03 08:20:00 AM,9.2,82.7,1022.4,9.1,6.4,-268,point
2023-02-03 08:30:00 AM,9.1,82.3,1022.4,9.0,6.3,-270,point
2023-02-03 08:40:00 AM,9.2,82.3,1022.5,9.0,6.3,-270,point
2023-02-03 08:50:00 AM,9.3,82.0,1023.1,9.2,6.4,-271,point
2023-02-03 09:00:00 AM,9.4,81.8,1023.0,9.2,6.4,-268,point
2023-02-03 09:10:00 AM,9.2,81.8,1023.0,9.1,6.3,-273,point
2023-02-03 09:20:00 AM,9.6,81.4,1023.1,9.4,6.5,-263,point
2023-02-03 09:30:00 AM,9.7,80.3,1023.3,9.5,6.5,-259,point
2023-02-03 09:40:00 AM,9.8,79.9,1023.3,9.5,6.5,-257,point
2023-02-03 09:50:00 AM,10.0,79.2,1023.6,9.8,6.6,-251,point
2023-02-03 10:00:00 AM,10.1,78.4,1023.7,9.9,6.5,-247,point
2023-02-03 10:10:00 AM,10.3,77.8,1023.8,10.1,6.6,-241,point
2023-02-03 10:20:00 AM,10.3,77.3,1023.8,10.1,6.5,-240,point
2023-02-03 10:30:00 AM,10.6,76.0,1024.1,10.3,6.6,-232,point
2023-02-03 10:40:00 AM,11.1,74.1,1024.1,10.6,6.6,-217,point
2023-02-03 10:50:00 AM,11.3,73.7,1024.3,10.9,6.8,-210,point
2023-02-03 11:00:00 AM,11.5,73.5,1024.4,11.0,6.9,-204,point
2023-02-03 11:10:00 AM,11.1,72.3,1024.4,10.7,6.3,-219,point
2023-02-03 11:20:00 AM,11.7,71.6,1024.6,11.2,6.7,-198,point
2023-02-03 11:30:00 AM,12.0,68.7,1024.3,11.3,6.4,-185,point
2023-02-03 11:40:00 AM,12.7,67.0,1024.5,11.9,6.7,-160,point
2023-02-03 11:50:00 AM,12.1,68.4,1024.5,11.4,6.4,-185,point
2023-02-03 12:00:00 PM,12.1,67.5,1024.5,11.5,6.3,-182,point
2023-02-03 12:10:00 PM,12.4,67.2,1024.6,11.6,6.5,-174,point
2023-02-03 12:20:00 PM,12.1,70.5,1024.9,11.6,6.9,-185,point
2023-02-03 12:30:00 PM,12.2,70.5,1024.9,11.6,7.0,-182,point
2023-02-03 12:40:00 PM,12.4,67.2,1024.8,11.6,6.5,-175,point
2023-02-03 12:50:00 PM,12.5,64.9,1024.7,11.8,6.1,-170,point
2023-02-03 01:00:00 PM,13.4,63.5,1024.7,12.5,6.7,-136,point
2023-02-03 01:10:00 PM,13.0,62.7,1024.6,12.1,6.0,-153,point
2023-02-03 01:20:00 PM,12.5,67.7,1024.9,11.9,6.7,-171,point
2023-02-03 01:30:00 PM,12.0,72.3,1024.9,11.5,7.2,-190,point
2023-02-03 01:40:00 PM,11.9,73.5,1025.0,11.5,7.3,-192,point
2023-02-03 01:50:00 PM,11.9,74.2,1025.1,11.5,7.5,-194,point
2023-02-03 02:00:00 PM,12.1,74.4,1024.8,11.6,7.7,-185,point
2023-02-03 02:10:00 PM,12.0,73.5,1024.8,11.6,7.4,-186,point
2023-02-03 02:20:00 PM,12.3,72.9,1024.9,11.8,7.6,-177,point
2023-02-03 02:30:00 PM,12.0,74.2,1025.1,11.6,7.6,-188,point
2023-02-03 02:40:00 PM,11.8,74.7,1025.0,11.4,7.5,-195,point
2023-02-03 02:50:00 PM,11.8,75.7,1025.2,11.5,7.7,-196,point
2023-02-03 03:00:00 PM,11.8,76.1,1024.9,11.5,7.8,-193,point
2023-02-03 03:10:00 PM,11.7,76.2,1025.1,11.4,7.7,-199,point
2023-02-03 03:20:00 PM,11.9,75.9,1025.1,11.5,7.8,-195,point
2023-02-03 03:30:00 PM,11.7,76.4,1025.1,11.4,7.7,-200,point
2023-02-03 03:40:00 PM,11.6,76.5,1025.3,11.3,7.6,-206,point
2023-02-03 03:50:00 PM,11.6,77.4,1025.3,11.4,7.8,-206,point
2023-02-03 04:00:00 PM,11.6,77.7,1025.5,11.3,7.8,-209,point
2023-02-03 04:10:00 PM,11.5,77.9,1025.5,11.3,7.8,-210,point
2023-02-03 04:20:00 PM,11.4,78.5,1025.6,11.1,7.8,-217,point
2023-02-03 04:30:00 PM,11.5,78.5,1025.9,11.2,7.9,-215,point
2023-02-03 04:40:00 PM,11.4,78.6,1026.0,11.1,7.8,-220,point
2023-02-03 04:50:00 PM,11.2,78.9,1025.9,11.0,7.7,-227,point
2023-02-03 05:00:00 PM,11.2,78.8,1026.3,10.9,7.6,-232,point
2023-02-03 05:10:00 PM,11.3,78.9,1026.1,11.1,7.8,-225,point
2023-02-03 05:20:00 PM,11.1,78.8,1026.3,10.9,7.6,-233,point
2023-02-03 05:30:00 PM,11.1,79.2,1026.4,10.8,7.6,-237,point
2023-02-03 05:40:00 PM,11.0,79.2,1026.7,10.7,7.5,-245,point
2023-02-03 05:50:00 PM,11.1,79.5,1026.8,10.8,7.7,-241,point
2023-02-03 06:00:00 PM,10.9,79.7,1027.0,10.6,7.5,-251,point
2023-02-03 06:10:00 PM,10.9,80.0,1027.2,10.6,7.6,-252,point
2023-02-03 06:20:00 PM,10.7,80.5,1027.3,10.4,7.5,-261,point
2023-02-03 06:30:00 PM,10.6,80.7,1027.4,10.3,7.4,-266,point
2023-02-03 06:40:00 PM,10.4,81.2,1027.5,10.3,7.3,-273,point
2023-02-03 06:50:00 PM,10.3,81.5,1027.6,10.2,7.3,-279,point
2023-02-03 07:00:00 PM,10.2,82.0,1027.7,10.1,7.3,-281,point
2023-02-03 07:10:00 PM,10.2,81.9,1027.5,10.1,7.2,-281,point
2023-02-03 07:20:00 PM,9.8,82.9,1027.6,9.7,7.0,-299,point
2023-02-03 07:30:00 PM,9.6,84.0,1027.6,9.5,7.0,-307,point
2023-02-03 07:40:00 PM,9.7,84.6,1027.6,9.7,7.2,-301,point
2023-02-03 07:50:00 PM,9.6,84.3,1027.5,9.5,7.0,-306,point
2023-02-03 08:00:00 PM,9.4,84.1,1027.8,9.4,6.9,-315,point
2023-02-03 08:10:00 PM,9.6,84.2,1027.7,9.5,7.1,-307,point
2023-02-03 08:20:00 PM,9.6,83.9,1028.1,9.5,7.0,-312,point
2023-02-03 08:30:00 PM,9.7,83.5,1028.4,9.6,7.0,-310,point
2023-02-03 08:40:00 PM,9.8,83.3,1027.9,9.7,7.1,-302,point
2023-02-03 08:50:00 PM,9.7,83.2,1028.2,9.7,7.0,-308,point
2023-02-03 09:00:00 PM,9.8,82.8,1028.2,9.8,7.0,-303,point
2023-02-03 09:10:00 PM,9.7,82.3,1028.3,9.5,6.8,-311,point
2023-02-03 09:20:00 PM,9.3,82.7,1028.4,9.3,6.5,-326,point
2023-02-03 09:30:00 PM,9.1,83.1,1028.6,9.1,6.4,-335,point
2023-02-03 09:40:00 PM,9.0,83.9,1028.5,9.0,6.4,-338,point
2023-02-03 09:50:00 PM,9.1,84.6,1028.5,9.1,6.7,-333,point
2023-02-03 10:00:00 PM,8.8,84.7,1028.9,8.8,6.4,-349,point
2023-02-03 10:10:00 PM,8.9,84.8,1028.7,8.9,6.5,-343,point
2023-02-03 10:20:00 PM,8.8,85.0,1029.2,8.7,6.4,-355,point
2023-02-03 10:30:00 PM,8.8,85.2,1028.9,8.7,6.4,-352,point
2023-02-03 10:40:00 PM,8.7,85.2,1029.3,8.7,6.3,-357,point
2023-02-03 10:50:00 PM,8.6,85.0,1029.1,8.5,6.2,-362,point
2023-02-03 11:00:00 PM,8.5,84.6,1029.0,8.5,6.1,-362,point
2023-02-03 11:10:00 PM,8.5,84.4,1029.3,8.5,6.0,-365,point
2023-02-03 11:20:00 PM,8.3,85.1,1029.3,8.3,6.0,-373,point
2023-02-03 11:30:00 PM,7.6,85.2,1029.2,7.6,5.3,-400,point
2023-02-03 11:40:00 PM,7.5,88.4,1029.1,7.6,5.7,-402,point
2023-02-03 11:50:00 PM,6.2,87.6,1029.3,6.2,4.3,-454,point
2023-02-04 12:00:00 AM,6.3,89.7,1029.1,6.4,4.8,-448,point
2023-02-04 12:10:00 AM,5.7,90.2,1029.3,5.8,4.2,-475,point
2023-02-04 12:20:00 AM,6.8,93.1,1029.3,6.9,5.8,-429,point
2023-02-04 12:30:00 AM,7.5,92.2,1029.5,7.6,6.3,-405,point
2023-02-04 12:40:00 AM,7.6,90.9,1029.4,7.7,6.2,-399,point
2023-02-04 12:50:00 AM,7.7,88.0,1029.3,7.7,5.8,-396,point
2023-02-04 01:00:00 AM,8.2,85.4,1029.9,8.2,5.9,-382,point
2023-02-04 01:10:00 AM,8.3,83.6,1029.5,8.3,5.7,-374,point
2023-02-04 01:20:00 AM,8.6,82.3,1029.5,8.5,5.8,-365,point
2023-02-04 01:30:00 AM,8.8,81.2,1029.6,8.7,5.8,-359,point
2023-02-04 01:40:00 AM,9.0,79.8,1029.7,8.9,5.7,-352,point
2023-02-04 01:50:00 AM,8.9,79.3,1029.7,8.7,5.5,-358,point
2023-02-04 02:00:00 AM,8.7,79.3,1029.8,8.6,5.3,-365,point
2023-02-04 02:10:00 AM,8.6,79.4,1029.7,8.4,5.2,-371,point
2023-02-04 02:20:00 AM,8.5,79.9,1029.8,8.4,5.2,-373,point
2023-02-04 02:30:00 AM,8.5,80.0,1029.6,8.4,5.3,-371,point
2023-02-04 02:40:00 AM,8.2,80.2,1029.7,8.1,5.0,-382,point
2023-02-04 02:50:00 AM,8.1,80.2,1029.7,8.0,4.9,-387,point
2023-02-04 03:00:00 AM,8.2,80.5,1029.7,8.1,5.1,-381,point
2023-02-04 03:10:00 AM,8.0,81.0,1029.7,7.8,4.9,-392,point
2023-02-04 03:20:00 AM,7.9,80.9,1029.5,7.8,4.9,-392,point
2023-02-04 03:30:00 AM,8.0,81.0,1029.6,7.9,5.0,-390,point
2023-02-04 03:40:00 AM,7.7,82.5,1029.5,7.5,4.9,-402,point
2023-02-04 03:50:00 AM,7.9,83.0,1029.8,7.9,5.2,-395,point
2023-02-04 04:00:00 AM,7.7,82.7,1029.7,7.7,5.0,-402,point
2023-02-04 04:10:00 AM,7.4,84.0,1029.8,7.4,4.9,-414,point
2023-02-04 04:20:00 AM,7.4,83.8,1029.9,7.4,4.9,-416,point
2023-02-04 04:30:00 AM,7.4,84.2,1029.9,7.4,5.0,-415,point
2023-02-04 04:40:00 AM,7.3,84.9,1029.9,7.3,5.0,-418,point
2023-02-04 04:50:00 AM,6.9,85.5,1030.0,6.9,4.7,-435,point
2023-02-04 05:00:00 AM,7.5,86.0,1029.9,7.4,5.3,-413,point
2023-02-04 05:10:00 AM,7.1,86.2,1030.0,7.0,4.9,-428,point
2023-02-04 05:20:00 AM,7.7,86.0,1030.0,7.6,5.5,-406,point
2023-02-04 05:30:00 AM,7.3,85.7,1030.1,7.3,5.1,-421,point
2023-02-04 05:40:00 AM,7.2,85.6,1030.1,7.1,4.9,-426,point
2023-02-04 05:50:00 AM,7.1,86.8,1030.3,7.0,5.0,-431,point
2023-02-04 06:00:00 AM,7.4,85.4,1030.2,7.3,5.1,-419,point
2023-02-04 06:10:00 AM,7.6,84.4,1030.2,7.6,5.2,-411,point
2023-02-04 06:20:00 AM,7.3,85.7,1030.4,7.2,5.0,-426,point
2023-02-04 06:30:00 AM,7.2,86.6,1030.5,7.2,5.1,-428,point
2023-02-04 06:40:00 AM,7.1,87.0,1030.5,7.0,5.1,-434,point
2023-02-04 06:50:00 AM,7.5,85.6,1030.7,7.4,5.2,-420,point
2023-02-04 07:00:00 AM,7.5,85.9,1030.8,7.5,5.3,-420,point
2023-02-04 07:10:00 AM,7.6,85.7,1030.7,7.6,5.4,-415,point
2023-02-04 07:20:00 AM,7.7,86.5,1030.7,7.7,5.6,-411,point
2023-02-04 07:30:00 AM,7.9,86.5,1031.0,7.9,5.8,-405,point
2023-02-04 07:40:00 AM,7.7,87.2,1030.7,7.6,5.7,-413,point
2023-02-04 07:50:00 AM,7.9,87.6,1031.1,7.9,6.0,-405,point
2023-02-04 08:00:00 AM,7.8,87.7,1031.2,7.8,5.9,-410,point
2023-02-04 08:10:00 AM,7.9,88.0,1031.4,7.9,6.0,-410,point
2023-02-04 08:20:00 AM,8.0,88.1,1031.4,7.9,6.1,-407,point
2023-02-04 08:30:00 AM,7.9,88.2,1031.4,8.0,6.1,-409,point
2023-02-04 08:40:00 AM,8.1,88.2,1031.3,8.1,6.2,-402,point
2023-02-04 08:50:00 AM,8.2,88.0,1031.5,8.2,6.4,-398,point
2023-02-04 09:00:00 AM,8.1,88.2,1031.7,8.2,6.3,-404,point
2023-02-04 09:10:00 AM,8.3,87.8,1031.8,8.2,6.4,-400,point
2023-02-04 09:20:00 AM,8.4,87.8,1031.8,8.3,6.5,-395,point
2023-02-04 09:30:00 AM,8.4,87.1,1031.8,8.3,6.4,-395,point
2023-02-04 09:40:00 AM,8.5,86.8,1032.0,8.4,6.4,-393,point
2023-02-04 09:50:00 AM,8.6,86.6,1032.1,8.5,6.4,-392,point
2023-02-04 10:00:00 AM,8.6,86.4,1032.2,8.5,6.4,-392,point
2023-02-04 10:10:00 AM,8.6,86.1,1031.9,8.6,6.4,-388,point
2023-02-04 10:20:00 AM,8.6,86.0,1032.0,8.6,6.4,-388,point
2023-02-04 10:30:00 AM,8.8,85.4,1032.0,8.7,6.4,-384,point
2023-02-04 10:40:00 AM,8.9,84.2,1032.0,8.9,6.4,-378,point
2023-02-04 10:50:00 AM,8.9,84.2,1032.2,8.8,6.3,-381,point
2023-02-04 11:00:00 AM,8.9,83.5,1032.0,8.9,6.3,-376,point
2023-02-04 11:10:00 AM,9.1,82.9,1032.1,9.1,6.4,-371,point
2023-02-04 11:20:00 AM,9.3,81.1,1032.2,9.2,6.2,-365,point
2023-02-04 11:30:00 AM,9.4,79.6,1032.0,9.2,6.1,-358,point
2023-02-04 11:40:00 AM,9.3,78.7,1032.0,9.1,5.8,-363,point
2023-02-04 11:50:00 AM,9.4,77.6,1032.1,9.2,5.7,-361,point
2023-02-04 12:00:00 PM,9.8,76.9,1032.0,9.5,5.9,-348,point
2023-02-04 12:10:00 PM,9.8,75.4,1032.2,9.4,5.6,-350,point
2023-02-04 12:20:00 PM,9.7,75.0,1032.1,9.4,5.5,-350,point
2023-02-04 12:30:00 PM,9.5,72.8,1032.1,9.0,4.8,-361,point
2023-02-04 12:40:00 PM,10.1,74.3,1032.1,9.7,5.7,-338,point
2023-02-04 12:50:00 PM,9.8,72.9,1032.3,9.4,5.2,-348,point
2023-02-04 01:00:00 PM,9.8,72.7,1032.2,9.3,5.1,-350,point
2023-02-04 01:10:00 PM,9.6,72.6,1032.3,9.2,4.9,-358,point
2023-02-04 01:20:00 PM,9.9,73.7,1032.1,9.6,5.4,-343,point
2023-02-04 01:30:00 PM,9.7,72.6,1032.1,9.2,5.0,-353,point
2023-02-04 01:40:00 PM,9.8,73.1,1032.2,9.4,5.2,-349,point
2023-02-04 01:50:00 PM,9.8,72.6,1032.0,9.4,5.2,-345,point
2023-02-04 02:00:00 PM,9.7,73.0,1031.8,9.2,5.1,-350,point
2023-02-04 02:10:00 PM,9.6,73.7,1032.0,9.3,5.2,-353,point
2023-02-04 02:20:00 PM,9.5,71.5,1032.0,9.1,4.6,-360,point
2023-02-04 02:30:00 PM,9.4,71.0,1031.9,9.0,4.4,-363,point
2023-02-04 02:40:00 PM,9.6,70.2,1032.0,9.1,4.4,-359,point
2023-02-04 02:50:00 PM,9.3,68.1,1032.1,8.8,3.7,-370,point
2023-02-04 03:00:00 PM,9.3,68.5,1032.2,8.8,3.8,-371,point
2023-02-04 03:10:00 PM,9.2,68.5,1032.2,8.7,3.7,-373,point
2023-02-04 03:20:00 PM,9.2,69.3,1032.4,8.7,3.9,-376,point
2023-02-04 03:30:00 PM,9.0,67.7,1032.3,8.6,3.3,-384,point
